Page Title,SEO Title,Meta Description,URL Slug,Page Content (HTML),Internal Anchor 1 Text,Internal Anchor 1 URL,Internal Anchor 2 Text,Internal Anchor 2 URL,Internal Anchor 3 Text,Internal Anchor 3 URL,External Anchor Text,External Anchor URL
Home,Concrete Contractor Dunwoody GA | Brook Concrete Company,"Brook Concrete Company is a Dunwoody, GA concrete contractor for driveways, patios, stamped concrete and repairs. Call for a free estimate.",/,"<h1>Concrete Contractor in Dunwoody, GA</h1>
<p>Welcome to Brook Concrete Company, your dependable local concrete contractor serving residential and commercial property owners throughout Dunwoody, GA, and the northern Atlanta metropolitan area. When you need solid structural flatwork, beautiful decorative hardscapes, or reliable restorative repairs, our seasoned team brings unmatched dedication, premium materials, and meticulous craftsmanship to every job site. Concrete is more than just cement, aggregate, and water; it represents the foundation of your home's curb appeal, outdoor living enjoyment, and everyday convenience. From your primary driveway to custom backyard retreats, our team ensures every pour provides long-term durability and value.</p>
<p>Working in north Georgia means understanding the distinct challenges posed by heavy rainfall, humid summers, and freeze-thaw cycles that test exterior surfaces. Our specialized concrete solutions are designed specifically to withstand regional soil expansion and moisture shifts, guaranteeing that your installation remains stable and crack-resistant for decades to come.</p>
<h2>Comprehensive Concrete Services in Dunwoody, GA</h2>
<p>Brook Concrete Company offers a full spectrum of concrete installation, replacement, and repair services tailored to meet your property's exact architectural and functional specifications:</p>
<ul>
<li><strong>Custom Residential Driveways:</strong> Installing high-performance driveways engineered to support heavy vehicle loads while elevating curb appeal.</li>
<li><strong>Outdoor Living Patios:</strong> Creating inviting, elegant backyard environments featuring smooth trowel finishes, brushed textures, or decorative stamping.</li>
<li><strong>Walkways and Sidewalks:</strong> Constructing safe, seamless pathways that connect your entryways, gardens, and detached amenities.</li>
<li><strong>Slabs and Structural Foundations:</strong> Pouring precision-leveled slabs for garages, sheds, workshops, additions, and heavy machinery pads.</li>
<li><strong>Retaining Walls and Terracing:</strong> Engineering sturdy concrete retaining walls to combat slope erosion and maximize usable yard space.</li>
<li><strong>Pool Decks:</strong> Pouring slip-resistant, heat-reflective decking surfaces surrounding inground pools.</li>
<li><strong>Concrete Repair and Restoration:</strong> Fixing spalled, cracked, or sunken concrete before small defects turn into costly replacements.</li>
</ul>
<h2>Why Homeowners and Businesses Choose Brook Concrete Company</h2>
<p>Investing in concrete flatwork is a significant property decision. Local residents consistently trust Brook Concrete Company because we focus on the details that other contractors overlook. First, we believe that longevity starts from the subgrade up. We perform thorough grading and mechanical sub-base compaction, using high-grade crushed stone base materials to eliminate settlement pockets.</p>
<p>Second, we emphasize total transparency. Our written estimates clearly detail concrete thickness, reinforcement specifications, control joint placement, and job timelines. There are never unexpected surprises or hidden line items. Furthermore, we maintain a clean, organized job site, treating your home, landscaping, and neighboring boundaries with utmost respect throughout demolition, pouring, and curing phases.</p>
<h2>Residential Concrete Solutions</h2>
<p>Your residence is your most prized asset, and the outdoor hardscapes surrounding it should reflect quality and comfort. Whether upgrading an aged entry path, replacing an uneven patio slab, or building an expansive driveway, our team tailors the layout to your lifestyle. A properly installed <a href=""/concrete-driveways/"">concrete driveway</a> elevates your home's exterior aesthetic while providing smooth, dependable vehicle parking. Meanwhile, an expansive <a href=""/concrete-patios/"">concrete patio</a> transforms your backyard into a multi-functional venue for weekend cookouts, family gatherings, and tranquil relaxation. Each residential project incorporates precise pitch grading so stormwater sheds safely away from your home's foundation walls.</p>
<h2>Commercial Concrete Contracting</h2>
<p>For commercial establishments, retail shopping centers, and office parks across Dunwoody, safety, accessibility, and visual presentation are paramount. We deliver commercial-grade concrete installations designed to comply with municipal building codes and ADA guidelines. Our services encompass parking lot installations, high-traffic commercial sidewalks, dumpster pads, loading dock aprons, and interior structural warehouse slabs. We understand that downtime impacts your bottom line, which is why our crews coordinate flexible scheduling and phased installations to minimize disruption to your patrons and employees.</p>
<h2>Stamped and Decorative Concrete Innovations</h2>
<p>Plain gray concrete is only one option among many. With modern decorative techniques, we can transform standard concrete into breathtaking surfaces replicating slate, cobblestone, brick, flagstone, or timber planks. By combining integral color pigments with accent release agents, we produce realistic depth and rich earth tones that complement any home architecture. Stamped hardscapes deliver the luxury appearance of individual natural stones without the troublesome weeds, shifting pavers, and high maintenance costs of traditional masonry.</p>
<h2>Restoration and Concrete Repair Services</h2>
<p>Not every cracked or weathered surface requires total replacement. If your slab retains structural stability but suffers from localized fractures, scaling, or edge chipping, our targeted <a href=""/concrete-repair/"">concrete repair</a> services provide a cost-effective remedy. We clean out damaged sections, install polymer-modified repair mortars, and apply professional joint sealants to keep surface moisture out. Our estimators evaluate the underlying causes of damage honestly, helping you decide whether repair, resurfacing, or complete replacement is your most practical long-term investment.</p>
<h2>Areas We Proudly Serve</h2>
<p>Headquartered in Dunwoody, GA, we provide reliable concrete services throughout the surrounding northern Fulton and DeKalb County communities, including Sandy Springs, Brookhaven, Chamblee, Doraville, Peachtree Corners, Norcross, Roswell, and Johns Creek. Wherever you are located across north metro Atlanta, our responsive team is ready to evaluate your site and provide top-tier workmanship.</p>
<h2>Frequently Asked Questions</h2>
<h3>Do you offer free estimates for concrete projects?</h3>
<p>Yes. Brook Concrete Company provides completely free, no-obligation written estimates for residential and commercial concrete projects throughout Dunwoody and surrounding areas. We visit your property, inspect grading, take precise measurements, and discuss your decorative preferences.</p>
<h3>How long does a typical concrete project take to complete?</h3>
<p>Most residential projects—such as a driveway replacement or backyard patio—require two to four days of on-site labor for demolition, forming, reinforcement, pouring, and finishing. Following placement, concrete undergoes an essential curing phase. Our crew follows industry curing guidelines defined by the <a href=""https://www.cement.org/"" target=""_blank"" rel=""noopener"">Portland Cement Association</a> to guarantee maximum strength before regular foot and vehicle traffic resumes.</p>
<h2>Contact Brook Concrete Company Today</h2>
<p>Ready to upgrade your property with durable, stunning concrete? Contact Brook Concrete Company today to schedule your complimentary consultation and site evaluation.</p>",concrete driveway,/concrete-driveways/,concrete patio,/concrete-patios/,concrete repair,/concrete-repair/,Portland Cement Association,https://www.cement.org/
About Us,"About Brook Concrete Company | Dunwoody, GA","Learn about Brook Concrete Company, a Dunwoody, GA concrete contractor focused on quality prep, honest advice and durable residential and commercial work.",/about/,"<h1>About Brook Concrete Company</h1>
<p>Brook Concrete Company is a premier concrete contracting company based in Dunwoody, Georgia, dedicated to delivering superior craftsmanship, honest communication, and enduring concrete solutions for residential and commercial property owners. Founded on the principle that exceptional concrete begins with diligent subgrade preparation, our company has earned a reputation throughout north metro Atlanta as a dependable partner for hardscape construction. Whether pouring a welcoming neighborhood driveway, designing an elaborate stamped outdoor living retreat, or building heavy-duty commercial slabs, we approach every task with unwavering attention to engineering details.</p>
<p>Our philosophy is rooted in long-term performance. Concrete is a permanent fixture of your property, and shortcut methods inevitably lead to cracking, settling, and costly premature failure. By investing in proper site excavation, rigorous gravel base compaction, structural rebar reinforcement, and precision finishing, we build concrete structures that effortlessly endure regional weather and intense everyday wear.</p>
<h2>Our Dedicated Approach to Every Concrete Project</h2>
<p>We believe that outstanding customer service begins with active listening. When you contact Brook Concrete Company, our first priority is understanding how you use your outdoor spaces, your aesthetic aspirations, and your budget parameters. We inspect the layout, evaluate grading contours, and assess how stormwater flows across your property. From there, we formulate custom recommendations tailored specifically to your site. Our diverse selection of <a href=""/concrete-services/"">concrete services</a> enables us to manage your entire project in-house, eliminating the need to coordinate multiple sub-contractors.</p>
<p>Throughout every phase of construction, our clients enjoy direct communication with knowledgeable professionals. We establish realistic project milestones, show up punctually, maintain clean and organized work boundaries, and keep you thoroughly informed from the initial consultation through the final post-pour walkthrough.</p>
<h2>Our Core Values: Craftsmanship, Integrity, and Respect</h2>
<ul>
<li><strong>Uncompromising Quality:</strong> We never cut corners on concrete mix designs, slab thickness, base compaction, or reinforcing steel. We pour premium mixes with proven compressive strength ratings to guarantee structural resilience.</li>
<li><strong>Honest, Transparent Integrity:</strong> We provide detailed, itemized quotes without hidden fees. If your existing concrete can be successfully repaired rather than replaced, we will advise you honestly.</li>
<li><strong>Respect for Your Home and Time:</strong> We respect your property by protecting existing turf, trees, irrigation systems, and adjacent structures. At the end of every working day, our crews tidy the job site.</li>
<li><strong>Continual Education:</strong> Concrete chemistry and building techniques continuously evolve. Our experienced crew members stay updated on modern decorative techniques, admixture technologies, and modern placement equipment.</li>
</ul>
<h2>View Our Finished Hardscape Installations</h2>
<p>We take tremendous pride in the quality of our finished projects across Dunwoody and neighboring communities. We invite you to explore our comprehensive <a href=""/gallery/"">project gallery</a> to see visual evidence of our craftsmanship. Inside our gallery, you will find detailed photography showcasing new driveway installations, elegant stamped patios, multi-tiered steps, retaining walls, and commercial parking areas that highlight the variety of textures and colors we deliver.</p>
<h2>Upholding Rigorous Industry Standards</h2>
<p>High-quality concrete work is rooted in science and technical precision. We strictly adhere to accepted structural standards, joint placement guidelines, and environmental cold-weather and hot-weather placement protocols published by the <a href=""https://www.concrete.org/"" target=""_blank"" rel=""noopener"">American Concrete Institute</a>. Adhering to these established standards ensures that every batch placed meets necessary slump, air entrainment, and compressive load capacities to resist regional freeze-thaw cycles and heavy clay movement.</p>
<h2>Serving Dunwoody and the Greater North Atlanta Metro</h2>
<p>Brook Concrete Company is proud to serve homeowners, HOA boards, real estate investors, and commercial property managers across Dunwoody, Sandy Springs, Brookhaven, Chamblee, Doraville, Peachtree Corners, Norcross, Roswell, and Johns Creek. Our local presence gives us valuable familiarity with municipal permitting procedures, setback requirements, and northern Georgia's notorious dense clay soil conditions. We know how to prepare substrates to prevent post-installation settling, giving you absolute peace of mind.</p>
<h2>Frequently Asked Questions About Brook Concrete Company</h2>
<h3>Are you licensed and insured for concrete work?</h3>
<p>Yes. Brook Concrete Company operates with complete liability insurance and workers' compensation coverage, ensuring both our team and your property remain fully protected during construction.</p>
<h3>What makes your concrete preparation different from other contractors?</h3>
<p>Many contractors pour concrete directly over minimally cleared dirt. At Brook Concrete Company, we excavate unsuitable organic soils, install a thick, clean crushed gravel base, mechanically compact the sub-base, and install tied rebar or welded wire mesh. This structural preparation prevents settling, washouts, and severe cracking.</p>
<h2>Start Your Concrete Project Today</h2>
<p>Whether you are planning a brand-new hardscape addition or addressing hazardous uneven slabs, our friendly team is here to assist you. <a href=""/contact/"">Request a free estimate</a> today to connect with our concrete experts and schedule an on-site property evaluation.</p>",concrete services,/concrete-services/,project gallery,/gallery/,Request a free estimate,/contact/,American Concrete Institute,https://www.concrete.org/
Contact Us,"Contact Brook Concrete Company | Dunwoody, GA","Contact Brook Concrete Company in Dunwoody, GA to request a free concrete estimate for your driveway, patio, repair or commercial project.",/contact/,"<h1>Contact Brook Concrete Company in Dunwoody, GA</h1>
<p>Are you ready to enhance the beauty, functionality, and market value of your Georgia property with expert concrete craftsmanship? Brook Concrete Company is here to help you turn your hardscape vision into reality. As Dunwoody's trusted concrete contractor, we specialize in everything from custom stamped patios and high-strength residential driveways to commercial flatwork and targeted concrete repairs. Our dedicated team is committed to providing prompt communication, friendly customer service, and reliable project scheduling from your very first phone call.</p>
<p>Whether you need an immediate on-site estimate or simply have questions regarding permit regulations, decorative concrete coloring, or base preparation techniques, we are eager to assist. Reach out to us today to discuss your project specifics and take the first step toward a beautifully finished concrete installation.</p>
<h2>Request Your Free, No-Obligation Concrete Estimate</h2>
<p>Getting in touch with Brook Concrete Company is simple and straightforward. You can submit your project details using our convenient online contact form or speak directly with our friendly office staff by phone during regular business hours. To help us provide you with the most accurate and expeditious service, please share your property address, the specific type of concrete project you have in mind, estimated dimensions or square footage, and any relevant photos of the current area.</p>
<p><strong>Phone:</strong> +1 (770) 764-2908<br>
<strong>Address:</strong> 1936 Cotillion Dr, Dunwoody, GA 30338, United States<br>
<strong>Office Hours:</strong> Monday – Friday: 7:30 AM – 6:00 PM | Saturday: 8:00 AM – 2:00 PM | Sunday: Closed</p>
<!-- Insert contact form and business hours here -->
<h2>Our Straightforward Three-Step Project Process</h2>
<p>We believe in eliminating guesswork from home improvement projects. When you work with Brook Concrete Company, here is what you can expect:</p>
<ol>
<li><strong>Initial Consultation &amp; Rapid Review:</strong> Once you submit your inquiry, our team promptly reviews your specifications and contacts you to confirm an appointment time that suits your schedule.</li>
<li><strong>On-Site Property Inspection:</strong> An experienced estimator visits your Dunwoody property to take precise measurements, analyze soil and slope drainage conditions, evaluate accessibility for equipment, and discuss finishes and materials.</li>
<li><strong>Detailed Written Estimate:</strong> You receive a clear, comprehensive written proposal outlining all labor, materials, reinforcement choices, joint layouts, and project milestones. Once you approve, we establish your start date.</li>
</ol>
<h2>Explore Our Capabilities Before You Call</h2>
<p>If you are still gathering inspiration and weighing your options, take some time to explore our website. Review our complete catalog of residential and commercial <a href=""/concrete-services/"">concrete services</a> to see the full breadth of work we offer. You can also view the neighboring <a href=""/service-areas/"">communities we serve</a> across north metro Atlanta, or browse through real transformations in our <a href=""/gallery/"">project gallery</a> to see examples of our finished broom, smooth, and stamped decorative work.</p>
<h2>Navigating Local Dunwoody Building Permits and Codes</h2>
<p>Depending on the location and scope of your project—such as constructing a new structural foundation, building a tall retaining wall, or expanding your driveway apron toward the street right-of-way—a building permit may be required. The <a href=""https://www.dunwoodyga.gov/"" target=""_blank"" rel=""noopener"">City of Dunwoody</a> enforces zoning ordinances, lot coverage ratios, and setback limits designed to protect environmental drainage and neighborhood aesthetics. Brook Concrete Company helps you identify when permits are needed and designs your project to comply with local code requirements seamlessly.</p>
<h2>Helpful Tips for an Expedited and Accurate Quote</h2>
<ul>
<li><strong>Take Clear Photographs:</strong> Snap wide-angle shots and close-ups of the existing concrete or grass area, especially if you are requesting repair or replacement.</li>
<li><strong>Note Drainage and Slopes:</strong> Tell us about areas where rainwater currently pools or where heavy runoff washes across your yard.</li>
<li><strong>Review HOA Guidelines:</strong> If your neighborhood belongs to an active Homeowners Association, check if architectural review guidelines mandate specific colors, broom patterns, or boundaries.</li>
<li><strong>Define Desired Timelines:</strong> Let us know if your concrete project needs completion ahead of a planned event, fence installation, or seasonal landscaping project.</li>
</ul>
<h2>Frequently Asked Questions</h2>
<h3>How quickly can an estimator visit my home?</h3>
<p>We typically schedule on-site consultations within 24 to 48 hours of your inquiry. In many cases, we can accommodate same-week site inspections.</p>
<h3>Do you require a deposit before starting work?</h3>
<p>Standard industry practice involves a project deposit upon contract signing to secure materials and your scheduled pour date, with remaining balances due upon final walkthrough and customer satisfaction.</p>
<h2>Connect With Dunwoody's Premier Concrete Specialists</h2>
<p>Do not settle for cracked, uneven surfaces or subpar workmanship. Call Brook Concrete Company at +1 (770) 764-2908 or complete our online inquiry form to get started on your free estimate today!</p>",concrete services,/concrete-services/,communities we serve,/service-areas/,project gallery,/gallery/,City of Dunwoody,https://www.dunwoodyga.gov/
Gallery,Concrete Project Gallery | Brook Concrete Dunwoody,"View Brook Concrete Company's completed driveways, patios, stamped concrete and repairs in Dunwoody, GA. Real projects, real results.",/gallery/,"<h1>Concrete Project Gallery | Dunwoody, GA</h1>
<p>Welcome to the Brook Concrete Company project gallery. Here, you will find a curated showcase of completed residential and commercial concrete installations throughout Dunwoody, GA, and surrounding north metro communities. We believe true craftsmanship speaks for itself. Every image in our portfolio reflects our dedication to rigorous site preparation, precision formwork, high-quality reinforcement, and meticulous surface finishing. Whether you are seeking ideas for an upcoming home improvement project or looking to evaluate the caliber of our flatwork, our gallery illustrates what makes our work stand the test of time.</p>
<p>From modern stamped outdoor entertainment spaces to durable structural driveway replacements, our crews handle every phase of construction with unmatched professionalism. Take a visual tour through our recent projects below to see how we help Georgia property owners transform their outdoor living spaces and commercial grounds.</p>
<h2>Durable Concrete Driveways Engineered for Real Life</h2>
<p>A driveway represents the welcoming entryway to your home and endures continuous daily vehicle traffic. Our gallery showcases newly poured and replaced driveways featuring crisp saw-cut expansion joints, hand-tooled borders, and consistent non-slip broom textures. Notice the clean lines and seamless transitions to garage floors and street curbs. Learn more about our specialized construction methods on our <a href=""/concrete-driveways/"">concrete driveways</a> service page.</p>
<!-- Insert driveway project photos -->
<p>In our driveway portfolio, you can observe how proper elevation grading prevents water from ponding against garages or landscape beds. Our installations feature reinforced edges and compacted aggregate bases capable of handling SUVs, delivery trucks, and everyday residential demands without premature cracking or settlement.</p>
<h2>Custom Concrete Patios and Outdoor Living Spaces</h2>
<p>A custom concrete patio creates the ultimate outdoor venue for family dinners, weekend barbecues, and peaceful relaxation. Browse our patio images to discover diverse geometric layouts, curved perimeter forms, and multi-tier designs built around fire pits, outdoor kitchens, and seating walls. See how a new <a href=""/concrete-patios/"">concrete patio</a> can elevate your backyard and increase usable outdoor square footage.</p>
<!-- Insert patio project photos -->
<p>Our patio installations harmonize with your existing landscape features, mature trees, and home exterior siding. Whether you prefer clean minimalist modern slabs or textured natural surfaces, our team executes your design with uncompromising precision.</p>
<h2>Artistic Stamped and Decorative Concrete Finishes</h2>
<p>For property owners seeking the upscale aesthetic of natural masonry without the high installation costs and tedious upkeep, stamped concrete is an outstanding choice. Our decorative gallery highlights intricate patterns replicating European cobblestone, Italian slate, English ashlar stone, and rustic timber planks. Discover our broad selection of textures and color blends on our dedicated <a href=""/stamped-concrete/"">stamped concrete</a> page.</p>
<!-- Insert stamped and decorative project photos -->
<p>By pairing integral base coloring with contrasting antiquing release agents, we give concrete natural depth and dimensional shading. Every decorative project is finished with commercial-grade clear protective sealers that highlight rich tones while guarding against UV fading, oil stains, and weathering.</p>
<h2>Before and After: Transformative Concrete Repairs and Resurfacing</h2>
<p>Nothing demonstrates the skill of our team better than our before-and-after project transformations. Many homeowners assume that a sunken, cracked, or severely scaled slab must be entirely torn out at great expense. Our restoration gallery features remarkable renewals achieved through precision repairs, crack injections, leveling, and decorative polymer resurfacing overlays.</p>
<!-- Insert before and after photos -->
<p>Witness how uneven, hazardous walkways and weathered pool decks are completely rejuvenated into clean, safe, and visually captivating surfaces that look brand new at a fraction of the replacement cost.</p>
<h2>Commitment to Proven Industry Material Standards</h2>
<p>Behind every visually stunning photograph in our gallery is a foundation built on proven concrete material science. Brook Concrete Company pours premium ready-mix formulations tailored for Georgia's climatic conditions. For homeowners interested in learning more about the fundamental physical properties of cement, aggregates, and curing science, we encourage visiting the educational resources provided by the <a href=""https://www.cement.org/"" target=""_blank"" rel=""noopener"">Portland Cement Association</a>.</p>
<h2>Planning Your Concrete Project with Our Design Team</h2>
<p>As you browse through our project gallery, make note of the specific patterns, surface textures, border details, and color palettes that catch your eye. When our estimator visits your property for a free consultation, share your favorite gallery images with us. We will discuss how to adapt those design features to fit your yard's natural slope, architectural aesthetic, and project budget.</p>
<h2>Ready to Create Your Own Concrete Masterpiece?</h2>
<p>Join our extensive list of satisfied Dunwoody homeowners and business owners. Contact Brook Concrete Company today to schedule your complimentary on-site evaluation and let us bring your vision to life.</p>",concrete driveways,/concrete-driveways/,concrete patio,/concrete-patios/,stamped concrete,/stamped-concrete/,Portland Cement Association,https://www.cement.org/
Concrete Services,"Concrete Services in Dunwoody, GA | Brook Concrete","Explore Brook Concrete Company's concrete services in Dunwoody, GA: driveways, patios, stamped concrete, repairs, slabs, pool decks and more.",/concrete-services/,"<h1>Concrete Services in Dunwoody, GA</h1>
<p>Brook Concrete Company is proud to offer a complete suite of residential and commercial concrete services throughout Dunwoody, GA, and neighboring communities. As a full-service concrete contractor, we take pride in managing every step of the installation process—from preliminary site evaluation, excavation, and gravel base compaction to precision formwork, steel reinforcement, pouring, and decorative hand-tooling. Whether you are looking to replace a damaged driveway, create a picturesque backyard patio, pour a structural building slab, or repair commercial walkways, our experienced craftsmen deliver superior results that stand the test of time.</p>
<p>Concrete flatwork is an enduring investment in your property's functionality, curb appeal, and resale value. In Georgia's climate, where expansive red clay and seasonal heavy rains can challenge exterior surfaces, our team implements rigorous engineering practices that protect your surfaces against settling, water pooling, and structural cracking.</p>
<h2>Residential Concrete Solutions Tailored to Your Home</h2>
<p>Homeowners throughout Dunwoody rely on Brook Concrete Company for dependable, aesthetically pleasing hardscape solutions. Our residential services encompass everything needed to enhance outdoor living and daily convenience:</p>
<ul>
<li><strong>Driveway Installation &amp; Replacement:</strong> Upgrading tired asphalt or broken concrete with a brand-new <a href=""/concrete-driveways/"">concrete driveway</a> engineered with proper thickness and sub-base stability.</li>
<li><strong>Patios &amp; Entertainment Spaces:</strong> Creating beautiful outdoor spaces for entertaining with custom brushed, colored, or stamped finishes.</li>
<li><strong>Sidewalks &amp; Garden Walkways:</strong> Designing smooth, slip-resistant pathways that safely guide family and visitors across your property.</li>
<li><strong>Entry Steps &amp; Landings:</strong> Building durable, uniform concrete stairways that meet residential building codes.</li>
<li><strong>Slabs for Sheds &amp; Garages:</strong> Pouring reinforced concrete foundations for accessory structures, storage buildings, and home workshops.</li>
<li><strong>Pool Decks &amp; Water Surrounds:</strong> Installing cool-touch, slip-resistant decking around inground swimming pools.</li>
<li><strong>Retaining Walls:</strong> Building poured concrete walls to control soil erosion and create level yard spaces.</li>
</ul>
<h2>Decorative and Stamped Concrete Options</h2>
<p>Modern concrete is extraordinarily versatile. If you want to elevate your property beyond traditional gray flatwork, our decorative concrete options offer nearly unlimited creative freedom. Using specialized stamping mats, textured skins, integral color pigments, and antique release agents, we replicate the natural appearance of quarried slate, tumbled cobblestone, herringbone brick, and hand-cut flagstone. Stamped concrete provides the sophisticated look of high-end masonry while maintaining the seamless durability and minimal maintenance demands of a poured monolithic slab.</p>
<h2>Commercial Concrete Services for Businesses and Facilities</h2>
<p>Brook Concrete Company partners with general contractors, commercial building owners, property management firms, and municipal facilities across Dunwoody and north metro Atlanta. We recognize that commercial flatwork requires strict adherence to compressive strength standards, heavy vehicle load limits, and ADA accessibility compliance. Our commercial services include:</p>
<ul>
<li>Heavy-duty commercial parking lots and driving lanes</li>
<li>Loading dock slabs and heavy equipment support pads</li>
<li>Commercial sidewalks, curb transitions, and pedestrian ramps</li>
<li>Dumpster enclosures and reinforced containment pads</li>
<li>Interior industrial warehouse slab installations and crack remediation</li>
</ul>
<p>We work closely with project managers to coordinate flexible scheduling, including weekend and phased night pours, to ensure minimal disruption to your daily commercial operations.</p>
<h2>Restoration, Maintenance, and Concrete Repair</h2>
<p>Not every weathered or cracked concrete surface requires full-depth replacement. If your slab has localized surface pitting, hairline settling, or chipped corners, our targeted <a href=""/concrete-repair/"">concrete repair</a> and resurfacing solutions can restore safety and aesthetic charm. By applying industrial polymer-modified overlays and flexible polyurea crack sealants, we breathe new life into aged surfaces at a fraction of the cost of total reconstruction. Alternatively, creating a spacious new <a href=""/concrete-patios/"">concrete patio</a> can turn an underutilized outdoor space into your favorite spot for family gatherings.</p>
<h2>Our Commitment to Material Science and Best Practices</h2>
<p>High-quality concrete is fundamentally rooted in material science and careful water-cement ratios. Our team utilizes commercial-grade ready-mix formulations designed specifically for Georgia's climatic conditions. We follow strict placement guidelines established by leading industry authorities, such as the <a href=""https://www.cement.org/"" target=""_blank"" rel=""noopener"">Portland Cement Association</a>, ensuring proper slump, air entrainment, and moist curing to achieve full design compressive strength.</p>
<h2>Areas We Serve in North Metro Atlanta</h2>
<p>From our Dunwoody headquarters, we proudly serve homeowners and commercial enterprises across Fulton, DeKalb, and Gwinnett counties, including Sandy Springs, Brookhaven, Chamblee, Doraville, Peachtree Corners, Norcross, Roswell, and Johns Creek. Wherever you are located, our team provides timely on-site estimates, dependable scheduling, and spotless job site cleanup.</p>
<h2>Frequently Asked Questions</h2>
<h3>What compressive strength concrete do you use?</h3>
<p>We typically pour 3,000 to 4,000 PSI concrete for residential driveways and patios, with commercial slabs engineered up to 5,000 PSI or higher depending on anticipated load requirements.</p>
<h3>How do I schedule a project consultation?</h3>
<p>Simply call our Dunwoody office or fill out our online contact form. We will schedule a convenient time to meet at your property, take measurements, and provide a clear written estimate.</p>
<h2>Contact Brook Concrete Company Today</h2>
<p>Invest in durable, beautiful concrete flatwork backed by true local craftsmen. Contact Brook Concrete Company today to schedule your complimentary estimate.</p>",concrete driveway,/concrete-driveways/,concrete repair,/concrete-repair/,concrete patio,/concrete-patios/,Portland Cement Association,https://www.cement.org/
Concrete Driveways,"Concrete Driveway Contractor Dunwoody, GA | Brook Concrete","Need a new concrete driveway in Dunwoody, GA? Brook Concrete Company installs, replaces and repairs driveways built to last. Get a free estimate.",/concrete-driveways/,"<h1>Concrete Driveway Contractor in Dunwoody, GA</h1>
<p>Your driveway is one of the most prominent exterior features of your home, setting the visual tone for your entire property while providing vital daily functionality. At Brook Concrete Company, we are Dunwoody's premier concrete driveway contractor, specializing in new driveway installations, structural replacements, and precision repairs. We build driveways engineered to withstand the rigorous daily demands of heavy passenger vehicles, delivery trucks, and changing Georgia weather, all while elevating your property's curb appeal and market value.</p>
<p>Unlike quick-pour contractors who take shortcuts, our team understands that a long-lasting driveway begins beneath the surface. North Georgia's native red clay soil expands and contracts dramatically with rainfall and drought, making proper sub-base engineering essential. By prioritizing meticulous ground preparation, adequate slab thickness, and strategic steel reinforcement, we guarantee a driveway that resists settling, cracking, and shifting over decades of reliable service.</p>
<h2>Comprehensive Concrete Driveway Installation</h2>
<p>Building a brand-new concrete driveway requires an engineering approach that accounts for soil composition, water drainage, and anticipated vehicle weights. Our installation process begins with comprehensive ground clearing and grading. We excavate unsuitable organic topsoil, shape the bed to promote natural water runoff away from your garage and home foundation, and install a compacted crushed gravel base.</p>
<p>We install durable forms aligned with lasers to ensure straight edges or smooth sweeping curves. Every residential driveway we pour incorporates tied steel rebar or welded wire reinforcement to provide multi-directional tensile strength. We pour premium ready-mix concrete at a minimum thickness of 4 inches—with 5 to 6 inches recommended for heavy trucks or RV parking areas—followed by precise bull floating, edging, joint cutting, and broom texturing.</p>
<h2>Driveway Replacement: When It Is Time to Start Fresh</h2>
<p>If your existing driveway has widespread fissures, sunken panels, extensive tree root heave, or crumbling spalled surfaces, patching is only a temporary cosmetic band-aid. Complete <a href=""/concrete-driveway-replacement/"">concrete driveway replacement</a> provides a permanent, worry-free solution. Our crew uses professional excavation equipment to break up and remove your old, failing slab, disposing of all debris responsibly.</p>
<p>Once the old concrete is cleared, we inspect and rebuild the sub-base, correcting underlying drainage defects and re-compacting the subgrade before pouring a brand-new, modern concrete driveway that restores safety and boosts neighborhood appeal.</p>
<h2>Targeted Concrete Driveway Repair Services</h2>
<p>Not every damaged driveway calls for a total teardown. If your driveway remains structurally stable with only isolated cracks, chipping around control joints, or mild surface scaling, our targeted <a href=""/concrete-repair/"">concrete repair</a> services offer an affordable, effective alternative. We utilize advanced polyurethane crack sealants and polymer-modified patching compounds to halt water penetration and prevent freeze-thaw spalling, extending your driveway's functional lifespan by years.</p>
<h2>Custom Finishes and Decorative Styling Options</h2>
<p>Who says a concrete driveway has to be plain gray? At Brook Concrete Company, we offer a diverse selection of decorative finishes that transform standard driveways into elegant architectural statements:</p>
<ul>
<li><strong>Classic Broom Finish:</strong> The industry standard for safety and slip resistance, featuring a fine directional texture that channels water away.</li>
<li><strong>Smooth Hand-Troweled Borders:</strong> An elegant combination of a brushed center slab framed with sleek, picture-framed smooth edges.</li>
<li><strong>Exposed Aggregate:</strong> Washing away surface cement paste to reveal naturally colored stones and river pebbles for a rustic, high-traction finish.</li>
<li><strong>Stamped Concrete Borders &amp; Aprons:</strong> Incorporating beautiful <a href=""/stamped-concrete/"">stamped concrete</a> patterns along the driveway apron or outer borders to mimic stone pavers or slate.</li>
<li><strong>Integral Coloring:</strong> Blending rich earth tones and charcoal hues throughout the entire mix to harmonize with your home's exterior palette.</li>
</ul>
<h2>Our Proven Step-by-Step Driveway Process</h2>
<ol>
<li><strong>Consultation &amp; Site Assessment:</strong> We visit your Dunwoody property, measure the proposed footprint, evaluate grading, and discuss design preferences.</li>
<li><strong>Subgrade Excavation &amp; Compaction:</strong> We excavate to the required depth and compact a thick crushed stone aggregate base to prevent future shifting.</li>
<li><strong>Formwork &amp; Steel Reinforcement:</strong> We construct sturdy timber forms and install grid-tied steel rebar elevated on chairs for optimal structural placement.</li>
<li><strong>Placement, Screeding &amp; Finishing:</strong> We place high-strength ready-mix concrete, screed it flat, hand-tool the edges, apply the specified surface texture, and saw-cut contraction joints.</li>
<li><strong>Moist Curing &amp; Cleanup:</strong> We protect the slab during its initial curing cycle, clear all job site debris, and conduct a thorough walkthrough with you.</li>
</ol>
<h2>Adhering to National Concrete Standards</h2>
<p>We pride ourselves on technical excellence. Our driveway design, mix selection, joint spacing, and curing protocols strictly follow specifications established by the <a href=""https://www.concrete.org/"" target=""_blank"" rel=""noopener"">American Concrete Institute</a>. This scientific approach ensures your driveway develops maximum compressive and flexural strength.</p>
<h2>Frequently Asked Questions</h2>
<h3>How long does a concrete driveway last in Georgia?</h3>
<p>When properly installed with a compacted aggregate base and periodic joint sealing, a concrete driveway will easily last 30 years or more under Georgia climate conditions.</p>
<h3>When can I drive my vehicles on the new concrete?</h3>
<p>You can walk on the new driveway within 24 to 48 hours. However, passenger vehicles must wait a minimum of 7 days, and heavy trucks should wait 28 days to prevent surface stress while the concrete cures.</p>
<h2>Get Your Free Driveway Estimate Today</h2>
<p>Transform your home's entryway with a durable, beautiful concrete driveway from Brook Concrete Company. Contact us today to schedule your free consultation in Dunwoody, GA!</p>",concrete driveway replacement,/concrete-driveway-replacement/,concrete repair,/concrete-repair/,stamped concrete,/stamped-concrete/,American Concrete Institute,https://www.concrete.org/
Driveway Replacement,"Concrete Driveway Replacement Dunwoody, GA | Brook Concrete","Cracked or sunken driveway? Brook Concrete Company handles concrete driveway replacement in Dunwoody, GA with proper base prep. Free estimates.",/concrete-driveway-replacement/,"<h1>Concrete Driveway Replacement in Dunwoody, GA</h1>
<p>Is your home's driveway covered in unsightly cracks, sunken slabs, or crumbling surfaces? An aged, failing driveway not only detracts from your property's curb appeal but also poses severe trip hazards and risks vehicle tire damage. At Brook Concrete Company, we specialize in comprehensive concrete driveway replacement throughout Dunwoody, GA, and surrounding north metro Atlanta communities. We handle every phase of the replacement process—from complete demolition and environmentally responsible debris hauling to subgrade soil stabilization, laser-leveled formwork, and precision pouring.</p>
<p>If you are exploring your options, start by reviewing our comprehensive <a href=""/concrete-driveways/"">concrete driveways</a> overview. Our goal is to provide you with a brand-new driveway built to endure decades of heavy vehicle use and regional weather extremes without settling or premature failure.</p>
<h2>Recognizing the Signs That Your Driveway Needs Full Replacement</h2>
<p>While minor cosmetic blemishes can often be patched, certain structural defects indicate that your existing driveway has reached the end of its useful lifespan. Key signs that call for complete replacement include:</p>
<ul>
<li><strong>Alligator or Web Cracking:</strong> Interconnected, spiderweb-like fractures across multiple slabs indicate that the underlying soil has settled or washed out.</li>
<li><strong>Severe Sunken or Heaved Slabs:</strong> Sections that have shifted several inches out of alignment create dangerous trip hazards and cause water to pool toward your garage or foundation.</li>
<li><strong>Deep Surface Spalling and Delamination:</strong> Flaking, pitted concrete where aggregate stones are completely exposed cannot be permanently repaired with surface patches.</li>
<li><strong>Recurring Drainage and Ponding Issues:</strong> Standing water that remains on your driveway hours after rainfall accelerates sub-base erosion and degrades the slab.</li>
<li><strong>Driveway Age Exceeding 25–30 Years:</strong> Concrete naturally degrades over time due to repeated thermal expansion, water penetration, and vehicle loading.</li>
</ul>
<h2>Our Demolition and Base Rebuilding Process</h2>
<p>The secret to an enduring driveway replacement lies in what happens after the old slab is broken up. Many cut-rate contractors simply pour new concrete over old, degraded gravel. At Brook Concrete Company, our crew utilizes specialized hydraulic breakers and mini-excavators to cleanly remove your failed driveway. We haul the old concrete to certified recycling facilities where it is crushed into reusable aggregate.</p>
<p>Once the subgrade is exposed, we evaluate Georgia's native red clay soil. We excavate soft, organic soil pockets and install a heavy layer of crushed granite GAB (Graded Aggregate Base). We use mechanical plate compactors to consolidate this stone base into a solid foundation that prevents future shifting, washouts, and settling.</p>
<h2>Replacement vs. Resurfacing: Choosing the Right Solution</h2>
<p>Property owners frequently ask whether resurfacing is an alternative to full demolition. If your driveway is structurally intact with sound soil support and only minor cosmetic weathering, <a href=""/concrete-resurfacing/"">concrete resurfacing</a> can be a viable, budget-conscious choice. However, if the subgrade has collapsed or slabs have cracked completely through, applying a thin overlay is a waste of money—cracks will quickly telegraph right through the new surface. During our free on-site consultation, we provide an honest assessment so you invest in the right long-term solution.</p>
<h2>Upgrade Your Home's Aesthetic with Custom Features</h2>
<p>A driveway replacement is the ideal opportunity to redesign and enhance your home's front exterior. You are not locked into the exact footprint of your old driveway. During replacement, we can widen narrow sections for easier two-car parking, add turnarounds, incorporate elegant curves, or build a matching <a href=""/concrete-walkways/"">concrete walkway</a> connecting your driveway directly to your front porch or side yard. We also offer decorative finishes such as stamped borders, colored concrete aprons, and picture-framed smooth borders around brushed fields.</p>
<h2>Our Step-by-Step Replacement Workflow</h2>
<ol>
<li><strong>Detailed Consultation &amp; Plan:</strong> We measure your driveway, evaluate drainage pitch, confirm property boundaries, and outline design options.</li>
<li><strong>Demolition &amp; Removal:</strong> We break up old concrete, protect surrounding sod and irrigation lines, and haul away all debris.</li>
<li><strong>Sub-Base Compaction:</strong> We install and mechanically compact a thick crushed gravel base to establish an unwavering foundation.</li>
<li><strong>Forming &amp; Reinforcement:</strong> We construct heavy-duty forms and install steel rebar grids elevated on chairs for internal tensile strength.</li>
<li><strong>Pouring &amp; Finishing:</strong> We pour high-strength ready-mix concrete, screed, float, edge, and apply a non-slip broom finish.</li>
<li><strong>Joint Cutting &amp; Curing:</strong> We cut precision contraction joints and apply curing compound, following guidance from the <a href=""https://www.concrete.org/"" target=""_blank"" rel=""noopener"">American Concrete Institute</a>.</li>
</ol>
<h2>Frequently Asked Questions</h2>
<h3>How long does concrete driveway replacement take?</h3>
<p>A typical residential replacement takes two to three days: one day for demolition and base prep, and one to two days for forming, pouring, and finishing. Curing requires 7 days before passenger vehicles can drive on the new surface.</p>
<h3>Will demolition damage my lawn or landscaping?</h3>
<p>Our crews use specialized turf-friendly equipment and lay down protective plywood mats where necessary to protect your grass, flower beds, and irrigation heads.</p>
<h2>Schedule Your Dunwoody Driveway Replacement Today</h2>
<p>Say goodbye to cracked, crumbling concrete. Contact Brook Concrete Company today to schedule your complimentary on-site inspection and free replacement estimate!</p>",concrete driveways,/concrete-driveways/,concrete resurfacing,/concrete-resurfacing/,concrete walkway,/concrete-walkways/,American Concrete Institute,https://www.concrete.org/
Concrete Patios,"Concrete Patio Contractor in Dunwoody, GA | Brook Concrete","Build a durable backyard concrete patio in Dunwoody, GA. Brook Concrete Company installs plain, colored and stamped patios. Request a free estimate.",/concrete-patios/,"<h1>Concrete Patio Contractor in Dunwoody, GA</h1>
<p>A beautifully designed and professionally installed concrete patio is the cornerstone of comfortable outdoor living. At Brook Concrete Company, we are Dunwoody's leading concrete patio contractor, helping homeowners turn underutilized backyard spaces into elegant, functional outdoor retreats. Whether you envision a sleek modern patio for quiet evening relaxation, a sprawling entertainment deck for neighborhood barbecues, or a multi-tiered hardscape complete with fire pit seating, our skilled team delivers exceptional results tailored to your lifestyle and budget.</p>
<p>Concrete is widely recognized as the premier material for outdoor patios due to its unmatched versatility, superior longevity, and low maintenance requirements. Unlike wooden decks that warp, splinter, and require annual staining, or individual pavers that shift and allow weeds to sprout, poured concrete provides a continuous, durable surface built to endure Georgia's humid summers and rainy winters with effortless grace. For elevated elegance, many homeowners upgrade to <a href=""/stamped-concrete/"">stamped concrete</a> for distinct texture and natural appeal.</p>
<h2>Custom Patio Design and Installation in Dunwoody</h2>
<p>Every backyard in Dunwoody is unique, characterized by varying slope contours, shade conditions, and architectural styles. Our patio installation process begins with an in-depth design consultation. We examine how rainwater flows across your yard, ensuring that your new patio is engineered with a gentle slope that directs water away from your home's foundation.</p>
<p>We handle all excavation and site preparation, clearing organic turf and stabilizing native clay soils with a compacted crushed gravel sub-base. We build custom forms to achieve your desired layout—whether clean geometric rectangles, gentle flowing curves, or multi-level platforms that step down gracefully into your garden. Every patio slab is poured with high-strength concrete and reinforced with welded wire mesh or structural rebar to ensure long-term structural integrity.</p>
<h2>Explore Diverse Finishes and Decorative Textures</h2>
<p>At Brook Concrete Company, we believe that an outdoor patio should reflect your personal aesthetic. We offer a rich variety of finishes and architectural touches, including our premium <a href=""/decorative-concrete/"">decorative concrete</a> options:</p>
<ul>
<li><strong>Non-Slip Broom Finish:</strong> A classic, clean brushed surface that provides reliable traction underfoot, even when wet.</li>
<li><strong>Smooth Hand-Troweled Borders:</strong> Framing a brushed field with polished, smooth margins for a sophisticated, contemporary look.</li>
<li><strong>Exposed Aggregate:</strong> Revealing natural rounded river stones or colored pebbles for an organic, textured surface with superior durability.</li>
<li><strong>Integral and Acid-Stained Colors:</strong> Infusing your concrete with warm earth tones, terra cottas, or rich charcoals that coordinate seamlessly with your home's exterior palette.</li>
<li><strong>Stamped Patterns:</strong> Replicating high-end natural stone materials like flagstone, slate, cobblestone, or fieldstone without masonry price tags.</li>
</ul>
<h2>Built for Grills, Fire Pits, and Outdoor Kitchens</h2>
<p>Modern backyard living often includes heavy amenities such as built-in gas grills, stone fire pits, outdoor pizza ovens, heavy pergolas, and hot tubs. When installing your patio, we account for these future additions by pouring thicker reinforced pads in dedicated zones to safely support substantial concentrated loads without risk of settlement cracking. Furthermore, connecting your patio to the front driveway or garden with a matching <a href=""/concrete-walkways/"">concrete walkway</a> creates an integrated, accessible outdoor environment.</p>
<h2>Strategic Control Joints for Crack Prevention</h2>
<p>All concrete naturally shrinks as it cures. The mark of an expert contractor is knowing how to control that shrinkage. We place saw-cut or hand-tooled control joints at precise intervals, creating planned stress-relief lines that guide microscopic shrinkage fractures beneath the surface where they remain invisible. Our methods strictly adhere to quality standards promoted by the <a href=""https://www.cement.org/"" target=""_blank"" rel=""noopener"">Portland Cement Association</a>.</p>
<h2>Our Step-by-Step Patio Construction Workflow</h2>
<ol>
<li><strong>On-Site Consultation:</strong> We review your ideas, measure the area, evaluate yard elevations, and provide a clear written estimate.</li>
<li><strong>Excavation &amp; Sub-Base Preparation:</strong> We remove turf, grade the soil, and compact a dense stone base to prevent settlement.</li>
<li><strong>Formwork &amp; Reinforcement:</strong> We construct precision timber forms and install reinforcing steel elevated above the gravel bed.</li>
<li><strong>Pouring &amp; Surface Finishing:</strong> We pour high-quality concrete, screed it smooth, and apply your chosen decorative texture or finish.</li>
<li><strong>Curing &amp; Job Site Cleanup:</strong> We protect the curing slab, remove all construction forms, clean your yard thoroughly, and conduct a final walkthrough.</li>
</ol>
<h2>Frequently Asked Questions</h2>
<h3>How thick should a residential concrete patio be?</h3>
<p>Standard residential concrete patios are poured 4 inches thick. For areas designed to support heavy amenities like outdoor fireplaces, masonry kitchens, or hot tubs, we pour 6 inches with heavy rebar reinforcement.</p>
<h3>Can a new concrete patio be added onto an existing slab?</h3>
<p>Yes. We can expand existing patios by installing expansion joints and drilling steel dowels into the existing concrete to securely tie the sections together while allowing necessary thermal movement.</p>
<h2>Request Your Free Patio Estimate in Dunwoody</h2>
<p>Ready to build the backyard patio of your dreams? Contact Brook Concrete Company today to schedule your free consultation and estimate in Dunwoody, GA!</p>",stamped concrete,/stamped-concrete/,decorative concrete,/decorative-concrete/,concrete walkway,/concrete-walkways/,Portland Cement Association,https://www.cement.org/
Stamped Concrete,"Stamped Concrete Contractor in Dunwoody, GA | Brook Concrete","Get the look of stone, brick or slate with stamped concrete in Dunwoody, GA. Brook Concrete Company installs patios, driveways and more. Free quotes.",/stamped-concrete/,"<h1>Stamped Concrete Contractor in Dunwoody, GA</h1>
<p>If you are looking to elevate your property's exterior with the luxurious, timeless appearance of natural stone, brick, or slate—without the astronomical costs and high maintenance of traditional masonry—stamped concrete is the ultimate hardscape solution. At Brook Concrete Company, we are Dunwoody's premier stamped concrete contractor, specializing in decorative patios, driveways, pool decks, walkways, and entryways. We combine creative artistry with rigorous structural engineering to deliver custom surfaces that impress guests and boost property value.</p>
<p>Stamped concrete involves imprinting textured patterns into freshly poured, colored concrete using precision polyurethane stamping mats. By pairing integral base color with antiquing release agents, our artisans achieve realistic natural shading, weathered contours, and dramatic stone textures. A custom stamped installation pairs beautifully with a new <a href=""/concrete-patios/"">concrete patio</a> to create an enviable outdoor retreat.</p>
<h2>Authentic Patterns Replicating High-End Masonry</h2>
<p>Our extensive collection of stamping patterns allows you to achieve virtually any architectural aesthetic, from historic European charm to sleek contemporary styling:</p>
<ul>
<li><strong>Ashlar Slate:</strong> A popular, sophisticated geometric pattern combining varied rectangular and square slate shapes with natural cleft texture.</li>
<li><strong>Cobblestone &amp; European Fan:</strong> Old-world elegance featuring arched or grid cobblestone layouts reminiscent of historic village streets.</li>
<li><strong>Random Flagstone:</strong> Organic, flowing stone shapes with realistic deep grout lines that blend seamlessly into natural landscape gardens.</li>
<li><strong>Herringbone &amp; Running Bond Brick:</strong> Classic brick styling offering clean lines and traditional southern architectural appeal.</li>
<li><strong>Wood Plank &amp; Timber Grain:</strong> The rustic warmth of reclaimed boardwalk planks with the rot-free permanence of solid poured concrete.</li>
</ul>
<h2>Rich Color Palettes and Multi-Tone Shading</h2>
<p>Authentic stone is never a flat, single color. To produce realistic depth, we employ a two-step coloration system. First, we infuse the entire ready-mix batch with an integral pigment, creating a permanent base color like warm sandstone, russet tan, or cool slate gray. Next, during the stamping process, we apply a contrasting powdered or liquid antiquing release agent.</p>
<p>This secondary color settles into the stamped textures and grout impressions, highlighting the fine cracks, ridges, and grain of natural stone. We help you choose color combinations that complement your home's brickwork, siding, trim, and roof tones.</p>
<h2>Stamped Concrete vs. Traditional Pavers</h2>
<p>Homeowners often compare stamped concrete with interlocking concrete pavers. While pavers look attractive initially, individual units tend to shift over time, settle unevenly in Georgia's clay soils, and allow persistent weeds and moss to invade joints. Stamped concrete provides a continuous monolithic slab that eliminates shifting blocks and weed infestation while costing significantly less per square foot to install. Explore our detailed guide on <a href=""/blog/stamped-concrete-vs-pavers/"">stamped concrete vs pavers</a> to weigh the pros and cons.</p>
<h2>Protective Sealing and Low-Maintenance Care</h2>
<p>Every stamped concrete installation from Brook Concrete Company is treated with a commercial-grade acrylic or polyurethane sealer. This protective coat serves two vital purposes: it locks in vivid color tones with a glossy or satin sheen, and it shields the surface against UV fading, water penetration, motor oil stains, and weather wear. For pool decks and wet zones, we blend non-slip polymer grit into the sealer to ensure safe, secure footing for your family. If you are interested in exploring other finishes, visit our <a href=""/decorative-concrete/"">decorative concrete</a> overview.</p>
<h2>Our Comprehensive Six-Step Stamped Concrete Process</h2>
<ol>
<li><strong>Design Consultation:</strong> We review stamp patterns, color charts, and borders, and calculate exact yard dimensions.</li>
<li><strong>Sub-Base Excavation &amp; Compaction:</strong> We prepare a fully compacted crushed aggregate base to prevent subgrade movement.</li>
<li><strong>Formwork &amp; Reinforcement:</strong> We construct precision forms and install tied steel rebar or fiber reinforcement for structural integrity.</li>
<li><strong>Pouring &amp; Coloring:</strong> We place high-strength concrete integrally colored throughout the mix and screed it to a level plane.</li>
<li><strong>Stamping &amp; Antiquing:</strong> Our artisans broadcast release agent and imprint patterns while the concrete is in its ideal plastic state.</li>
<li><strong>Washing, Jointing &amp; Sealing:</strong> After initial set, we wash away excess release, cut planned control joints, and apply high-solids protective sealer.</li>
</ol>
<h2>Adherence to Professional Decorative Guidelines</h2>
<p>Achieving flawless stamped concrete requires precise timing, proper slump control, and skilled hand-finishing. Our team follows technical guidelines established by the <a href=""https://www.ascconline.org/"" target=""_blank"" rel=""noopener"">American Society of Concrete Contractors</a>, ensuring your decorative hardscape achieves maximum structural longevity alongside stunning beauty.</p>
<h2>Frequently Asked Questions</h2>
<h3>Does stamped concrete crack over time?</h3>
<p>All concrete has natural shrinkage stresses. However, by cutting control joints strategically along stamp pattern lines, any microscopic shrinkage is concealed within the grout joints, keeping the surface looking seamless.</p>
<h3>How often does stamped concrete require resealing?</h3>
<p>Under normal residential traffic, resealing your stamped surface every 2 to 3 years maintains rich colors and protects against surface abrasion.</p>
<h2>Get Your Free Stamped Concrete Estimate</h2>
<p>Elevate your outdoor living space with custom stamped concrete from Brook Concrete Company. Contact us today to schedule your free design consultation and written estimate in Dunwoody, GA!</p>",concrete patio,/concrete-patios/,stamped concrete vs pavers,/blog/stamped-concrete-vs-pavers/,decorative concrete,/decorative-concrete/,American Society of Concrete Contractors,https://www.ascconline.org/
Decorative Concrete,"Decorative Concrete Contractor Dunwoody, GA | Brook Concrete","Upgrade your property with decorative concrete in Dunwoody, GA. Brook Concrete Company offers colored, exposed aggregate and custom finishes.",/decorative-concrete/,"<h1>Decorative Concrete Contractor in Dunwoody, GA</h1>
<p>At Brook Concrete Company, we believe that durable exterior concrete should never be limited to utilitarian gray slabs. As Dunwoody's trusted decorative concrete contractor, we specialize in transforming standard patios, driveways, entryways, and walkways into artistic architectural features. By combining advanced coloring agents, specialized texturing mats, exposed aggregate techniques, and custom saw-cut designs, we provide residential and commercial clients with bespoke hardscape surfaces that elevate curb appeal, reflect personal style, and significantly boost property value.</p>
<p>Modern decorative concrete offers the prestige, texture, and sophistication of quarried stone, antique brick, or hand-laid pavers, combined with the continuous strength, structural stability, and minimal maintenance of poured monolithic concrete. Whether you desire an elegant outdoor entertaining area or a distinctive welcoming entryway, our skilled artisans deliver breathtaking decorative transformations across Dunwoody and north metro Atlanta.</p>
<h2>Comprehensive Decorative Finishes We Provide</h2>
<p>Our company offers a diverse palette of decorative concrete finishes tailored to enhance any architectural style, from historic southern estates to sleek contemporary homes:</p>
<ul>
<li><strong>Stamped and Textured Concrete:</strong> Our most sought-after option is <a href=""/stamped-concrete/"">stamped concrete</a>, which imprints detailed patterns mimicking slate, flagstone, cobblestone, brick, or weathered wood planks into freshly poured concrete.</li>
<li><strong>Integral Color Admixtures:</strong> Liquid or powder iron-oxide pigments blended directly into the concrete mix during batching ensure rich, fade-resistant color that permeates the entire slab.</li>
<li><strong>Exposed Aggregate Surfaces:</strong> Carefully removing the surface cream paste reveals naturally smoothed river gravel or granite stone, creating an organic, high-traction texture that resists wear.</li>
<li><strong>Custom Saw-Cut Geometric Patterns:</strong> Diamond-blade scoring creates sharp, modern geometric grids, diamond borders, and clean margins that mimic hand-laid tiles.</li>
<li><strong>Contrasting Borders and Bands:</strong> Blending smooth hand-troweled edges with textured or colored fields frames your hardscapes with refined craftsmanship.</li>
</ul>
<h2>Where Decorative Concrete Delivers the Highest Impact</h2>
<p>Decorative concrete enhances areas where visual presentation and everyday foot traffic intersect. Residential front porches, driveway borders, garden terraces, and pool decks benefit dramatically from decorative upgrades. For commercial properties, decorative entry plazas and retail walkways create inviting, upscale first impressions for visiting clients and tenants, communicating quality from the moment they step onto the grounds.</p>
<h2>Durability, Environmental Resilience, and Maintenance</h2>
<p>A frequent misconception is that decorative concrete is more delicate than standard utility flatwork. In reality, decorative concrete relies on the exact same high-compressive-strength mixes and heavy steel reinforcement as our structural pours. Furthermore, we seal every decorative installation with commercial-grade UV-resistant acrylic or polyurethane clear coats. This sealer locks in rich pigments, repels oil spills, prevents moss adhesion, and shields the surface from Georgia's summer heat and winter freezes. Periodic washing and resealing every two to three years keeps your decorative concrete looking brand-new for decades.</p>
<h2>Restoring Existing Slabs with Decorative Finishes</h2>
<p>If your existing gray concrete is structurally sound but visually dated, you do not necessarily need to tear it out. Through advanced polymer overlays, acid etching, and topical stains, our <a href=""/concrete-resurfacing/"">concrete resurfacing</a> services can rejuvenate dull, weathered slabs into stunning decorative showpieces at a fraction of the cost of total replacement.</p>
<h2>Our Thorough Decorative Installation Process</h2>
<ol>
<li><strong>Design Consultation:</strong> We review color charts, pattern stamps, and layout sketches with you at your Dunwoody property.</li>
<li><strong>Sub-Base Engineering:</strong> We excavate, grade, and mechanically compact a crushed gravel foundation to prevent future slab movement.</li>
<li><strong>Reinforced Formwork:</strong> We build precision forms and install elevated steel rebar grids for maximum load resistance.</li>
<li><strong>Pouring and Pigmentation:</strong> We place premium ready-mix concrete infused with integral colors and screed it to a smooth plane.</li>
<li><strong>Texturing and Antiquing:</strong> Our artisans apply secondary release agents and stamp patterns with pinpoint accuracy during the ideal curing window.</li>
<li><strong>Washing, Jointing, and Sealing:</strong> We wash the surface, cut control joints, and apply high-solids protective sealers.</li>
</ol>
<p>Pairing your decorative entryway or patio with an updated <a href=""/concrete-driveways/"">concrete driveway</a> creates a cohesive, upscale property aesthetic. Our practices strictly adhere to the technical guidelines set forth by the <a href=""https://www.concrete.org/"" target=""_blank"" rel=""noopener"">American Concrete Institute</a>.</p>
<h2>Frequently Asked Questions</h2>
<h3>Is decorative concrete slippery when wet?</h3>
<p>Smooth sealed concrete can become slippery around pool decks or sloped steps. To prevent slips, we incorporate clear polymer anti-skid additives directly into the topcoat sealer, providing safe traction even when wet.</p>
<h3>Will sunlight cause the colors to fade?</h3>
<p>No. We use UV-stable, pure synthetic iron-oxide pigments that resist solar fading, and our premium protective sealers provide additional UV defense.</p>
<h2>Schedule Your Decorative Concrete Consultation</h2>
<p>Discover how decorative concrete can elevate your Dunwoody home or business. Contact Brook Concrete Company today to schedule your complimentary design consultation and estimate!</p>",stamped concrete,/stamped-concrete/,concrete resurfacing,/concrete-resurfacing/,concrete driveway,/concrete-driveways/,American Concrete Institute,https://www.concrete.org/
Concrete Walkways,"Concrete Walkway Contractor in Dunwoody, GA | Brook Concrete","Brook Concrete Company builds safe, attractive concrete walkways, paths and sidewalks in Dunwoody, GA. Request your free estimate today.",/concrete-walkways/,"<h1>Concrete Walkway Contractor in Dunwoody, GA</h1>
<p>A thoughtfully designed concrete walkway does more than connect points on your property—it creates a welcoming transition, establishes architectural flow, and guarantees safe, dependable foot traffic in all weather conditions. At Brook Concrete Company, we are Dunwoody's premier concrete walkway contractor, constructing custom walkways, front entrance sidewalks, garden paths, and commercial pedestrian corridors that combine lasting structural durability with clean aesthetic appeal.</p>
<p>In north Georgia's climate, where seasonal downpours and expansive red clay soil frequently turn dirt paths and uneven pavers into muddy, hazardous slip zones, a poured concrete walkway provides a smooth, solid, and low-maintenance solution. Whether you are replacing a cracked front sidewalk or designing an expansive walkway that winds through your backyard, our experienced team delivers impeccable craftsmanship tailored to your terrain.</p>
<h2>Custom Walkway Solutions for Residential Properties</h2>
<p>Your front walkway is often the first functional element guests experience when arriving at your home. At Brook Concrete Company, we design pathways that harmonize with your home's exterior architecture and complement existing <a href=""/concrete-driveways/"">concrete driveways</a>:</p>
<ul>
<li><strong>Welcoming Front Entry Walkways:</strong> Wide, inviting walkways that lead seamlessly from your driveway or curb to your front porch, creating a grand entrance.</li>
<li><strong>Meandering Backyard Garden Paths:</strong> Flowing, curved pathways that gently wind through gardens, around mature shade trees, and toward outdoor living areas.</li>
<li><strong>Service and Utility Walkways:</strong> Practical, durable paths connecting driveways to trash enclosures, HVAC units, detached garages, or workshops.</li>
<li><strong>Stepped Walkways for Sloped Yards:</strong> Terraced walkways incorporating integrated low-rise concrete steps that make steep hills easy and safe to traverse.</li>
</ul>
<h2>Commercial Sidewalks and Pedestrian Pathways</h2>
<p>For commercial facilities, retail shopping centers, apartment communities, and corporate office parks in Dunwoody, accessible pedestrian walkways are vital for safety and regulatory compliance. We pour commercial-grade sidewalks designed to withstand intense foot traffic, rolling equipment, and municipal scrutiny. Our crews strictly adhere to Americans with Disabilities Act (ADA) requirements, installing precise cross-slopes, compliant tactile detectable warning ramps, and smooth curb cuts that guarantee barrier-free accessibility for all visitors.</p>
<h2>Surface Textures Engineered for Maximum Traction</h2>
<p>Safety underfoot is our foremost priority when pouring walkways. We offer a selection of surface finishes designed to prevent slips and falls while matching your landscape design:</p>
<ul>
<li><strong>Traditional Broom Texture:</strong> The industry benchmark for slip resistance, creating fine uniform brushed grooves that channel surface water away.</li>
<li><strong>Exposed Aggregate:</strong> Revealing natural smoothed river stone aggregates for an attractive, earthy texture that provides superior grip in wet weather.</li>
<li><strong>Decorative Stamped Paths:</strong> Replicating natural flagstone, cobblestone, or slate textures for a luxury look that elevates garden paths.</li>
<li><strong>Picture-Framed Borders:</strong> Hand-tooling smooth, polished borders around a textured brushed interior for a refined architectural contrast.</li>
</ul>
<h2>Replacing Broken and Dangerous Walkway Panels</h2>
<p>Over time, tree roots, water erosion, and shifting subsoils cause walkway slabs to crack, heave, and sink. Sunken slabs create hazardous trip hazards that expose homeowners and business owners to severe premises liability. While minor settling can sometimes be addressed through targeted <a href=""/concrete-repair/"">concrete repair</a>, severely shifted or broken sections are best resolved through full panel replacement. We saw-cut damaged panels, extract old concrete, correct the sub-base, and pour fresh concrete that matches existing alignments.</p>
<h2>Our Step-by-Step Walkway Construction Workflow</h2>
<ol>
<li><strong>Design and Elevation Planning:</strong> We evaluate natural yard slopes, measure desired path widths, and stake out straight or sweeping curved layouts.</li>
<li><strong>Excavation and Soil Preparation:</strong> We dig out topsoil, remove invasive tree roots, and place a compacted crushed gravel base.</li>
<li><strong>Formwork and Reinforcement:</strong> We construct flexible forms to capture smooth curves and place welded wire or fiber mesh reinforcement.</li>
<li><strong>Pouring and Surface Texturing:</strong> We pour 4-inch-thick concrete, screed it flat, hand-tool the edges, and apply your chosen traction texture.</li>
<li><strong>Joint Cutting and Curing:</strong> We tool or saw-cut contraction joints at regular intervals to eliminate random cracking, following best practices outlined by the <a href=""https://www.cement.org/"" target=""_blank"" rel=""noopener"">Portland Cement Association</a>.</li>
</ol>
<p>Connecting your new walkway to a custom backyard <a href=""/concrete-patios/"">concrete patio</a> creates a unified outdoor living experience that enhances your property's daily enjoyment and market value.</p>
<h2>Frequently Asked Questions</h2>
<h3>What is the ideal width for a residential front walkway?</h3>
<p>While standard paths are often 36 inches, we recommend 42 to 48 inches for primary front walkways. This generous width allows two adults to walk comfortably side-by-side and creates a more proportional, welcoming aesthetic.</p>
<h3>How do you prevent tree roots from damaging new walkways?</h3>
<p>During excavation, our team prunes shallow surface roots and installs heavy-duty physical root barriers alongside the trench, preventing roots from lifting the new concrete slab.</p>
<h2>Schedule Your Dunwoody Walkway Consultation</h2>
<p>Upgrade your property with safe, elegant concrete walkways built to last. Contact Brook Concrete Company today to schedule your free estimate in Dunwoody, GA!</p>",concrete driveways,/concrete-driveways/,concrete repair,/concrete-repair/,concrete patio,/concrete-patios/,Portland Cement Association,https://www.cement.org/
Concrete Steps,"Concrete Steps Contractor in Dunwoody, GA | Brook Concrete","Brook Concrete Company builds and replaces concrete front steps, stairs and landings in Dunwoody, GA. Safe, sturdy and built to code.",/concrete-steps/,"<h1>Concrete Steps Contractor in Dunwoody, GA</h1>
<p>Entryway steps are one of the most vital architectural features of any home or commercial building. They provide essential vertical access between elevation changes, safeguard occupants against trip-and-fall hazards, and contribute significantly to overall exterior curb appeal. At Brook Concrete Company, we are Dunwoody's trusted concrete steps contractor, specializing in the design, pouring, replacement, and repair of custom concrete stairs, porch landings, and terraced landscape steps.</p>
<p>In north Georgia's undulating topography, sloped lots and multi-level home designs frequently require sturdy exterior steps. Wooden stairs warp, rot, and harbor termites, while poorly constructed masonry units loosen and shift. Poured monolithic concrete steps provide an unyielding, permanent structure capable of enduring heavy foot traffic, severe weather, and decades of relentless use without wobbling or degradation. Pairing custom steps with an elegant new <a href=""/concrete-walkways/"">concrete walkway</a> creates a cohesive, welcoming entrance.</p>
<h2>Residential Entry Steps and Front Porch Landings</h2>
<p>A crumbling, tilted, or uneven front staircase detracts from your home's appearance and poses severe safety risks for family, guests, and delivery couriers. Brook Concrete Company constructs custom front entry stairs and expansive porch landings tailored to your home's exterior proportions. We adhere strictly to residential building codes, guaranteeing uniform riser heights (typically 7 to 7.5 inches) and tread depths (11 to 12 inches) so climbing feels natural, comfortable, and intuitive.</p>
<p>We build our steps with a subtle 1/4-inch forward pitch per foot on every tread, ensuring rainwater sheds immediately off the nose rather than pooling on surfaces where it could freeze or create slippery algae patches.</p>
<h2>Commercial Concrete Stairs and Code Compliance</h2>
<p>Commercial facilities, retail centers, apartment complexes, and office buildings in Dunwoody require high-capacity concrete stairs that comply with stringent International Building Code (IBC) and ADA guidelines. We construct heavy-duty commercial stairwells featuring precision handrail block-outs, non-skid nosing textures, and integrated landings. Our commercial pours use high-compressive-strength mixes reinforced with heavy steel rebar to safely manage continuous daily foot traffic.</p>
<h2>Replacing Damaged, Tilting, or Separating Steps</h2>
<p>One of the most common issues Dunwoody homeowners face is front porch steps pulling away from the foundation. This dangerous separation occurs when previous contractors poured heavy concrete over uncompacted backfill soil without doweling into the home's foundation wall. Over time, the soil settles, causing the entire staircase to tilt forward or sink into the ground.</p>
<p>When steps have structurally detached or sustained deep internal fractures, complete replacement is the only responsible fix. Our crew safely breaks out and removes the failing stairs, excavates down to stable subsoil, pours reinforced structural footings, and mechanically anchors new steps directly into your foundation with heavy steel rebar pins. However, if your steps are structurally sound and merely suffer from surface pitting or minor cosmetic chips, specialized <a href=""/concrete-resurfacing/"">concrete resurfacing</a> can restore a pristine appearance at a fraction of replacement costs.</p>
<h2>Decorative Finishes, Colors, and Railing Integration</h2>
<p>Your exterior steps can be customized with a variety of architectural finishes:</p>
<ul>
<li><strong>Non-Slip Broom Finish:</strong> The industry standard for outdoor stair treads, providing dependable traction during rainy Georgia weather.</li>
<li><strong>Smooth-Troweled Risers with Textured Treads:</strong> A sleek modern contrast featuring crisp polished vertical faces framed against slip-resistant steps.</li>
<li><strong>Stamped and Colored Finishes:</strong> Imprinting slate or stone patterns to coordinate with your front porch, walkway, or backyard <a href=""/concrete-patios/"">concrete patios</a>.</li>
<li><strong>Core-Drilled Railing Pockets:</strong> We coordinate with wrought iron and aluminum railing fabricators to install secure anchor sleeves directly into the concrete.</li>
</ul>
<h2>Our Engineering Standards and Precision Craftsmanship</h2>
<p>Building concrete stairs requires meticulous carpenter craftsmanship to construct rigid, watertight forms that resist hydraulic concrete pressure during placement. We vibrate freshly placed concrete to eliminate unsightly honeycomb voids along riser faces, resulting in smooth, dense, durable vertical surfaces. Our engineering methods strictly comply with standards established by the <a href=""https://www.concrete.org/"" target=""_blank"" rel=""noopener"">American Concrete Institute</a>.</p>
<h2>Frequently Asked Questions</h2>
<h3>Can settled concrete steps simply be mudjacked or lifted?</h3>
<p>While foam lifting or mudjacking can sometimes temporarily raise small slabs, heavy multi-step concrete units often exceed lifting capacity or crack further during injection. Poured structural replacement provides an unyielding, permanent foundation that will not sink again.</p>
<h3>How soon can we use our new concrete steps after pouring?</h3>
<p>Light foot traffic is generally permissible after 24 to 48 hours, though we recommend using an alternate entrance for 48 hours to allow the concrete nose and edges to cure without disturbance.</p>
<h2>Request Your Free Concrete Steps Estimate</h2>
<p>Ensure your home or business entrances are safe, attractive, and built to last. Contact Brook Concrete Company today to schedule your complimentary concrete steps consultation and estimate in Dunwoody, GA!</p>",concrete walkway,/concrete-walkways/,concrete resurfacing,/concrete-resurfacing/,concrete patios,/concrete-patios/,American Concrete Institute,https://www.concrete.org/
Concrete Slabs,"Concrete Slab Contractor in Dunwoody, GA | Brook Concrete","Brook Concrete Company installs concrete slabs for garages, sheds, workshops and additions in Dunwoody, GA. Level, strong and built right.",/concrete-slabs/,"<h1>Concrete Slab Contractor in Dunwoody, GA</h1>
<p>A properly engineered and poured concrete slab provides the indispensable structural foundation for countless residential and commercial applications. Whether you are building a detached two-car garage, erecting a backyard storage shed, setting up a heavy-duty workshop, installing a swim spa, or placing heavy commercial mechanical equipment, the performance of the entire structure relies on the integrity of the slab beneath it. At Brook Concrete Company, we are Dunwoody's trusted concrete slab contractor, providing precision-graded, level, and heavily reinforced concrete slabs engineered to support substantial loads for decades without settling or cracking.</p>
<p>For load-bearing building additions and complete structures requiring deep perimeter footings, explore our comprehensive <a href=""/concrete-foundations/"">concrete foundations</a> capabilities. For standalone pads and flatwork, our team brings decades of combined expertise, top-grade ready-mix formulations, and laser-accurate leveling to every project across Dunwoody and north metro Atlanta.</p>
<h2>Slabs for Garages, Storage Sheds, and Workshops</h2>
<p>Accessory outbuildings require stable, moisture-controlled concrete floors. Erecting a prefabricated garage or custom timber shed over bare dirt, unlevel gravel, or timber framing leaves your building vulnerable to rot, rodent intrusion, and structural shifting. We pour monolithic floating slabs and turned-down edge slabs tailored to your building kit's exact footprint.</p>
<p>Our garage and shed slabs feature a compacted gravel sub-base, heavy vapor barriers to prevent ground humidity from rusting tools and equipment, and perimeter-thickened footings that safely distribute wall loads into the ground. We finish the surface with a hard-troweled smooth finish that is easy to sweep, seal, or coat with epoxy.</p>
<h2>Equipment Pads and Heavy Utility Slabs</h2>
<p>Modern homes and commercial facilities depend on heavy, vibration-generating equipment that requires a solid, perfectly level mounting surface. Brook Concrete Company pours custom utility slabs for:</p>
<ul>
<li>Whole-house backup generators that require vibration-isolated pads</li>
<li>Commercial and residential HVAC condenser units</li>
<li>Backyard hot tubs and heavy swim spas that exert thousands of pounds of hydrostatic pressure</li>
<li>Pool filtration equipment and automated water pump skids</li>
<li>Trash dumpster enclosures and commercial waste compactors</li>
</ul>
<h2>Determining the Proper Slab Thickness and Reinforcement</h2>
<p>A primary cause of slab failure is inadequate thickness. While standard light-duty walkways are poured 4 inches thick, heavy vehicle garages and equipment slabs often require 5 to 6 inches or more of high-strength concrete. Learn more in our detailed educational guide on <a href=""/blog/concrete-slab-thickness/"">how thick a concrete slab should be</a>.</p>
<p>Furthermore, internal reinforcement is non-negotiable for structural slabs. We install tied steel rebar grids (typically #4 rebar on 12-to-18-inch centers) elevated on plastic chairs so the steel is positioned securely in the middle third of the slab, providing maximum flexural strength against vehicle point loads. Smooth transitions from your garage slab to outdoor <a href=""/concrete-driveways/"">concrete driveways</a> ensure seamless access for all vehicles.</p>
<h2>Vapor Barriers and Subgrade Compaction</h2>
<p>In north Georgia, groundwater moisture constantly evaporates upward through permeable soil. When pouring interior slabs for enclosed garages or workshops, we install heavy-duty 10-mil to 15-mil poly vapor retarders directly underneath the concrete. This barrier halts capillary moisture transmission, preventing damp concrete floors, peeling epoxy coatings, and musty mildew odors.</p>
<p>Beneath the vapor barrier, we install a clean, compacted crushed granite aggregate base (GAB). Proper mechanical compaction with vibrating plate tampers eliminates air pockets and prevents post-pour soil settlement, adhering to guidelines published by the <a href=""https://www.cement.org/"" target=""_blank"" rel=""noopener"">Portland Cement Association</a>.</p>
<h2>Our Step-by-Step Concrete Slab Construction Workflow</h2>
<ol>
<li><strong>Site Assessment &amp; Laser Leveling:</strong> We review equipment specifications, shoot elevation benchmarks with laser levels, and mark the footprint.</li>
<li><strong>Excavation &amp; Sub-Base Compaction:</strong> We excavate unsuitable topsoil and compact a dense crushed gravel stone base.</li>
<li><strong>Formwork &amp; Perimeter Trenching:</strong> We erect rigid dimensional lumber forms, trench thickened edges where necessary, and install vapor retarders.</li>
<li><strong>Rebar Grid Installation:</strong> We assemble tied steel rebar grids elevated on chairs to guarantee internal structural tensile capacity.</li>
<li><strong>Concrete Placement &amp; Screeding:</strong> We pour 3,500 to 4,000+ PSI concrete, screed it flat with power screeds, and consolidate the mix with mechanical vibrators.</li>
<li><strong>Floating, Finishing &amp; Saw-Cutting:</strong> We power-trowel the surface to your specified finish and saw-cut contraction joints to manage thermal stresses.</li>
</ol>
<h2>Frequently Asked Questions</h2>
<h3>How long must I wait before building on my new concrete slab?</h3>
<p>Concrete reaches roughly 70% of its design strength within 7 days. Most carpenters and building erectors can frame walls after 7 days, with full curing reached at 28 days.</p>
<h3>Do I need anchor bolts embedded in the slab for framing?</h3>
<p>Yes. If you provide your building plans, our crew will embed code-compliant galvanized J-bolts or mudsill anchors directly into the perimeter concrete while it is still plastic.</p>
<h2>Get a Free Estimate on Your Concrete Slab</h2>
<p>Ensure your upcoming building or equipment is supported by a flawless concrete slab. Contact Brook Concrete Company today to schedule your complimentary site consultation and written estimate in Dunwoody, GA!</p>",concrete foundations,/concrete-foundations/,how thick a concrete slab should be,/blog/concrete-slab-thickness/,concrete driveways,/concrete-driveways/,Portland Cement Association,https://www.cement.org/
Concrete Foundations,"Concrete Foundation Contractor Dunwoody, GA | Brook Concrete","Need a concrete foundation contractor in Dunwoody, GA? Brook Concrete Company pours footings, foundation slabs and walls for new projects.",/concrete-foundations/,"<h1>Concrete Foundation Contractor Dunwoody, GA</h1>
<p>The foundation is the single most critical structural element of any building. Every pound of dead load and live load—from wall framing and roofing systems to occupants, furnishings, and severe wind forces—transfers directly downward into the concrete foundation footings. At Brook Concrete Company, we are Dunwoody's trusted concrete foundation contractor, delivering precision structural footings, stem walls, slab-on-grade foundations, and retaining structures for residential additions, custom garages, outbuildings, and light commercial projects.</p>
<p>If you are planning an accessory outbuilding or equipment installation, explore our specialized <a href=""/concrete-slabs/"">concrete slabs</a> service. When full-scale structural construction is required, our experienced team provides rigorous engineering adherence, precision laser formwork, and unwavering structural stability designed to withstand north Georgia's challenging soil conditions.</p>
<h2>Engineered Footings and Monolithic Foundation Systems</h2>
<p>Different architectural designs and property topographies require specific foundation systems. Brook Concrete Company provides comprehensive foundation installation services, including:</p>
<ul>
<li><strong>Continuous Spread Footings:</strong> Excavated deep below the local frost line and bearing directly on undisturbed load-bearing soil, reinforced with longitudinal steel rebar.</li>
<li><strong>Monolithic Slab-on-Grade:</strong> Poured as a single monolithic unit combining deep perimeter grade beams with a reinforced interior floor slab, ideal for flat lots and garage construction.</li>
<li><strong>Stem Wall Foundations:</strong> Poured concrete footings topped with vertical concrete stem walls that elevate living spaces safely above surrounding grade.</li>
<li><strong>Pier and Grade Beam Systems:</strong> Deep cylindrical concrete piers drilled down to bedrock or dense hardpan soil to support structures on challenging, steep slopes.</li>
</ul>
<h2>Navigating Georgia's Native Clay Soils and Frost Lines</h2>
<p>Constructing foundations in north Georgia requires specialized knowledge of the regional subsurface geology. Dunwoody is characterized by dense, highly weathered red clay soils that exhibit substantial plasticity. When saturated during spring rains, clay soils expand; during prolonged summer droughts, they shrink and crack. Furthermore, while Georgia enjoys relatively mild winters, local building codes mandate minimum footing depths to remain comfortably below the seasonal frost penetration line.</p>
<p>Our team addresses these geological factors proactively. We verify subgrade soil bearing capacity, excavate down to competent soil layers, install crushed aggregate drainage beds, and implement perimeter French drains to route hydrostatic water pressure harmlessly away from foundation perimeters.</p>
<h2>Collaborating with Engineers, Architects, and Municipal Inspectors</h2>
<p>Foundation work is tightly regulated by municipal building codes and zoning ordinances. Brook Concrete Company works hand-in-hand with structural engineers, residential architects, general contractors, and City of Dunwoody building officials. We pour strictly according to approved architectural blueprints, ensuring exact rebar spacing, lap splice lengths, concrete cover clearances, and anchor bolt placements.</p>
<p>We manage inspection scheduling smoothly, coordinating mandatory footing open-trench inspections before placement and concrete cylinder compressive testing where required, guaranteeing full code compliance and zero permit delays.</p>
<h2>Restoring and Protecting Existing Concrete Structures</h2>
<p>While our foundation division focuses primarily on new construction and structural expansions, we also assist property owners dealing with localized surface weathering. If an adjacent exterior slab exhibits cosmetic cracking or surface flaking, our <a href=""/concrete-repair/"">concrete repair</a> specialists can restore surface integrity. Furthermore, many foundation projects on sloping Dunwoody lots require engineered <a href=""/concrete-retaining-walls/"">concrete retaining walls</a> to manage grade transitions and protect the structure against lateral soil loads.</p>
<h2>Our Step-by-Step Concrete Foundation Workflow</h2>
<ol>
<li><strong>Plan Review &amp; Laser Surveying:</strong> We analyze structural blueprints, establish exact property setbacks, and shoot elevation benchmarks using optical transit levels.</li>
<li><strong>Excavation &amp; Trenching:</strong> We excavate footings down to firm load-bearing soil, squaring trench walls and clearing loose spoil.</li>
<li><strong>Formwork Construction:</strong> We erect rigid, reinforced formwork secured with heavy bracing to withstand high hydrostatic concrete pressure.</li>
<li><strong>Structural Rebar Assembly:</strong> We tie heavy reinforcing steel cages (#4 and #5 rebar) suspended on concrete dobies to guarantee complete concrete encasement.</li>
<li><strong>Concrete Placement &amp; Mechanical Consolidation:</strong> We pour 3,500 to 5,000 PSI engineered ready-mix concrete, utilizing mechanical immersion vibrators to consolidate the mix and eliminate internal voids.</li>
<li><strong>Moist Curing &amp; Form Stripping:</strong> We follow strict curing protocols in accordance with <a href=""https://www.concrete.org/"" target=""_blank"" rel=""noopener"">American Concrete Institute</a> standards before carefully stripping forms and inspecting finished surfaces.</li>
</ol>
<h2>Frequently Asked Questions</h2>
<h3>What PSI concrete is typically used for residential foundations?</h3>
<p>Most residential footings and foundation walls specify 3,000 to 3,500 PSI concrete, while structural slabs and commercial foundations often require 4,000 to 5,000 PSI high-early-strength mixes.</p>
<h3>Do you install anchor bolts for wall framing?</h3>
<p>Yes. We accurately place and vibrate code-compliant anchor bolts into the top of the foundation wall or slab edge, precisely matching framing layouts.</p>
<h2>Schedule Your Foundation Consultation in Dunwoody</h2>
<p>Build your next project on an uncompromising foundation of strength. Contact Brook Concrete Company today to discuss your structural plans and schedule an on-site consultation in Dunwoody, GA!</p>",concrete slabs,/concrete-slabs/,concrete repair,/concrete-repair/,concrete retaining walls,/concrete-retaining-walls/,American Concrete Institute,https://www.concrete.org/
Concrete Retaining Walls,"Concrete Retaining Walls in Dunwoody, GA | Brook Concrete","Brook Concrete Company builds concrete retaining walls in Dunwoody, GA to control slopes, prevent erosion and create usable yard space.",/concrete-retaining-walls/,"<h1>Concrete Retaining Walls in Dunwoody, GA</h1>
<p>Sloped landscapes, rolling hills, and mature tree canopies are defining natural characteristics of Dunwoody, GA. However, significant elevation changes often lead to severe soil erosion, destructive rainwater runoff, and unusable, wasted yard space. At Brook Concrete Company, we specialize in designing and constructing poured concrete retaining walls throughout Dunwoody and north metro Atlanta. Our solid concrete walls are engineered to hold back thousands of pounds of lateral earth pressure, stabilizing hillside slopes and transforming steep inclines into functional, multi-tiered outdoor living spaces.</p>
<p>Unlike timber retaining walls that rot, attract termites, and fail within a decade, or mortarless cinder blocks that shift and bulge over time, solid poured concrete retaining walls offer unmatched permanence, structural rigidity, and clean aesthetic appeal. Whether supporting a new <a href=""/concrete-patios/"">concrete patio</a>, protecting an uphill driveway, or terracing a sloping backyard, our retaining walls provide lifelong structural security.</p>
<h2>The Critical Role of Proper Structural Engineering</h2>
<p>A retaining wall is not simply a vertical barrier—it is an active structural retaining system that must continually counteract enormous lateral pressures exerted by wet soil, hydrostatic groundwater, and uphill surface surcharges. In north Georgia, dense red clay soil absorbs massive quantities of water during seasonal storms, expanding rapidly and multiplying lateral pressure against wall faces.</p>
<p>Brook Concrete Company builds poured concrete retaining walls with structural integrity at their core. We often coordinate with <a href=""/concrete-foundations/"">concrete foundations</a> for new home construction to ensure seamless grade retention. Every wall we construct features deep spread footings, thick walls engineered with internal steel rebar grids, and adequate soil embedment depth to prevent sliding, overturning, or base shear failure.</p>
<h2>Comprehensive Drainage: The Secret to Retaining Wall Longevity</h2>
<p>Hydrostatic water buildup behind a retaining wall is the number one cause of catastrophic wall collapse. Even the thickest concrete wall will eventually tilt or crack if trapped water cannot escape freely. At Brook Concrete Company, we integrate multi-layer drainage systems into every retaining wall installation:</p>
<ul>
<li><strong>Clean Washed Aggregate Backfill:</strong> We install a 12-to-24-inch column of washed crushed granite stone directly behind the entire height of the wall to facilitate rapid downward drainage.</li>
<li><strong>Geotextile Filter Fabric:</strong> Heavy non-woven filter fabric encapsulates the stone backfill, preventing native clay silt from clogging the drainage zone.</li>
<li><strong>Perforated Perforated Drainage Pipes:</strong> We install perforated corrugated or PVC drain pipes at the footing heel, daylighting water safely to designated discharge points.</li>
<li><strong>Weep Holes:</strong> Strategically spaced through-wall weep holes relieve localized hydrostatic pressure along the lower third of the wall face.</li>
</ul>
<h2>Transforming Sloped Hillsides into Usable Outdoor Terraces</h2>
<p>Many Dunwoody homeowners struggle with steep, unmanageable backyard slopes where children cannot play, lawn mowers cannot navigate, and outdoor furniture cannot rest flat. By designing stepped, multi-tier concrete retaining walls, we can terrace steep grades into expansive, level plateaus. These terraced platforms are ideal for manicured turf lawns, vegetable gardens, children's play areas, or stunning outdoor dining pavilions.</p>
<h2>Decorative Finishes for Poured Concrete Walls</h2>
<p>Your retaining wall does not have to look like an industrial bunker. We offer a wide variety of attractive finishes that turn structural retaining walls into stunning landscape focal points:</p>
<ul>
<li><strong>Smooth Formed Finish:</strong> Crisp, clean lines that deliver a sleek, contemporary architectural aesthetic.</li>
<li><strong>Textured Form-Liner Patterns:</strong> Using specialized elastomeric liners to impart natural stacked stone, fieldstone, or fractured granite textures directly into the poured concrete.</li>
<li><strong>Colored and Stained Finishes:</strong> Applying integral pigments or topical stains to harmonize wall colors with your home exterior.</li>
<li><strong>Cap Stones and Smooth Coping:</strong> Finishing the top of the wall with polished concrete coping that doubles as comfortable garden bench seating.</li>
</ul>
<p>Retaining walls also provide essential bank support alongside a sloped <a href=""/concrete-driveways/"">concrete driveway</a>, preventing hillside mud from washing across parking areas. Our concrete formulation and curing methods adhere to standards from the <a href=""https://www.cement.org/"" target=""_blank"" rel=""noopener"">Portland Cement Association</a>.</p>
<h2>Frequently Asked Questions</h2>
<h3>Do I need a building permit for a retaining wall in Dunwoody?</h3>
<p>In the City of Dunwoody and DeKalb County, retaining walls exceeding 4 feet in total height (measured from the bottom of the footing to the top of the wall) generally require engineered structural drawings and municipal building permits. We assist homeowners in navigating these requirements.</p>
<h3>How long do poured concrete retaining walls last?</h3>
<p>A properly engineered poured concrete retaining wall with integrated crushed-stone drainage will last 50 to 100 years or more with virtually zero maintenance.</p>
<h2>Schedule Your Retaining Wall Consultation</h2>
<p>Reclaim your sloping yard and protect your property from erosion. Contact Brook Concrete Company today to schedule your complimentary retaining wall consultation and estimate in Dunwoody, GA!</p>",concrete patio,/concrete-patios/,concrete foundations,/concrete-foundations/,concrete driveway,/concrete-driveways/,Portland Cement Association,https://www.cement.org/
Concrete Pool Decks,"Concrete Pool Deck Contractor Dunwoody, GA | Brook Concrete","Brook Concrete Company installs concrete pool decks in Dunwoody, GA with slip-resistant, cool-to-touch finishes. Request a free estimate.",/concrete-pool-decks/,"<h1>Concrete Pool Deck Contractor Dunwoody, GA</h1>
<p>An inground swimming pool is the centerpiece of summer outdoor living and entertainment in Dunwoody, GA. However, the true beauty, comfort, and safety of your pool area depend largely on the quality of the surrounding pool deck. At Brook Concrete Company, we are Dunwoody's trusted concrete pool deck contractor, specializing in the installation, replacement, and resurfacing of custom concrete pool surrounds. We build decks that seamlessly combine slip resistance, cool-to-the-touch surfaces, and breathtaking architectural elegance.</p>
<p>Concrete is widely recognized as the premier material for pool decking because it provides a continuous, durable surface that withstands splashing chlorinated water, chemical pool treatments, and intense Georgia sunshine. Whether you are building a new pool or replacing an aged, cracked deck, our team delivers custom flatwork tailored to your leisure lifestyle. For luxury aesthetics, many clients choose our custom <a href=""/stamped-concrete/"">stamped concrete</a> finishes that replicate natural quarried stone.</p>
<h2>Slip-Resistant Textures Engineered for Family Safety</h2>
<p>Safety is the paramount priority around any swimming pool. Wet concrete can become slick if finished improperly, creating dangerous slip-and-fall hazards for running children and visiting guests. At Brook Concrete Company, we specialize in high-traction, non-slip finishes specifically engineered for wet environments:</p>
<ul>
<li><strong>Light Broom and Swirl Textures:</strong> Subtle directional brushing that provides dependable traction underfoot while remaining smooth enough for bare feet.</li>
<li><strong>Textured Decorative Stamping:</strong> Imprinting subtle natural slate or stone textures that provide natural traction crevices without sharp edges.</li>
<li><strong>Exposed Aggregate Surrounds:</strong> Washing away surface cement paste to reveal rounded river pebbles that provide outstanding natural slip resistance.</li>
<li><strong>Polymer Anti-Slip Additives:</strong> Blending microscopic polymer aggregate granules into protective clear sealers to create an invisible, barefoot-friendly gripping texture.</li>
</ul>
<h2>Cool-Touch Deck Finishes for Blistering Summer Heat</h2>
<p>During the height of Georgia summers, unshaded pool decks can absorb intense solar radiation, heating up to temperatures that burn bare feet. Brook Concrete Company offers specialized cool deck solutions that dramatically reduce surface heat absorption. By utilizing light-reflective color hardeners, pastel integral color tones, and specialized micro-topping overlays, we keep your pool deck comfortable and inviting to walk on even during the hottest July afternoons.</p>
<h2>Drainage, Slope Pitch, and Coping Integration</h2>
<p>Proper water management is essential for long-term pool deck performance. An improperly graded pool deck allows splashed pool water, dirty landscape runoff, and torrential stormwater to drain back into the clean pool water or pond against your home's foundation. We pour every pool deck with a precise laser-guided slope (typically 1/4 inch per foot) directing runoff away from the coping edge into deck drains or surrounding landscape beds.</p>
<p>We also coordinate precision cantilevers or bullnose coping forms around the pool lip, creating seamless transitions between the swimming pool coping and the broad lounging deck.</p>
<h2>Pool Deck Replacement and Structural Restoration</h2>
<p>Over time, chlorinated water penetration, shifting backfill soils, and plumbing leak settlements can cause older pool decks to tilt, crack, and separate from pool coping tiles. Settled slabs create dangerous stubbed-toe hazards and allow water to erode soil behind pool walls. When damage is isolated, our <a href=""/concrete-repair/"">concrete repair</a> team can inject flexible joint sealants and level uneven slabs. For decks with extensive cracking, complete replacement provides a stunning, durable reset.</p>
<p>A new pool deck also pairs naturally with an adjacent <a href=""/concrete-patios/"">concrete patio</a> to create an expansive, unified backyard entertainment environment. All our structural pool flatwork adheres to standards published by the <a href=""https://www.concrete.org/"" target=""_blank"" rel=""noopener"">American Concrete Institute</a>.</p>
<h2>Frequently Asked Questions</h2>
<h3>Can you pour a new concrete pool deck around an existing swimming pool?</h3>
<p>Yes. Our crews take extensive precautions to protect your pool plaster, fiberglass shell, coping stones, and filtration equipment during demolition and pouring, ensuring zero debris enters your pool.</p>
<h3>How do you control cracking around curved pool shapes?</h3>
<p>We install flexible expansion joint material around the pool perimeter and saw-cut radial control joints extending outward from coping edges to accommodate natural thermal movement.</p>
<h2>Schedule Your Dunwoody Pool Deck Consultation</h2>
<p>Transform your backyard pool into a luxurious, safe outdoor oasis. Contact Brook Concrete Company today to schedule your complimentary pool deck consultation and written estimate in Dunwoody, GA!</p>",stamped concrete,/stamped-concrete/,concrete repair,/concrete-repair/,concrete patio,/concrete-patios/,American Concrete Institute,https://www.concrete.org/
Concrete Repair,"Concrete Repair in Dunwoody, GA | Brook Concrete Company","Cracked, chipped or sinking concrete? Brook Concrete Company provides concrete repair in Dunwoody, GA for driveways, slabs, steps and walkways.",/concrete-repair/,"<h1>Concrete Repair in Dunwoody, GA</h1>
<p>Cracked, sunken, chipped, or spalling concrete surfaces are more than just unsightly blemishes on your property—they represent serious safety hazards, reduce property value, and allow damaging water to erode underlying sub-base soils. At Brook Concrete Company, we provide comprehensive concrete repair in Dunwoody, GA, restoring driveways, patios, sidewalks, steps, and commercial slabs to safe, beautiful, and durable condition. We believe in providing honest, objective assessments, helping you understand whether targeted repair, resurfacing, or replacement is the most cost-effective path forward.</p>
<p>In north Georgia's climate, where seasonal rainfall saturates expansive red clay soils followed by winter freezes, small surface defects can quickly evolve into major structural failures if left unaddressed. Our team utilizes commercial-grade repair mortars, polyurethane injection compounds, and precision leveling methods to halt concrete degradation and protect your hardscape investment.</p>
<h2>Comprehensive Concrete Crack Repair and Joint Sealing</h2>
<p>Cracks are the most common complaint among property owners. However, not all cracks are created equal:</p>
<ul>
<li><strong>Hairline Shrinkage Cracks:</strong> Microscopic cracks that occur as concrete cures and loses moisture. These are typically cosmetic but should be sealed to prevent water penetration.</li>
<li><strong>Active Settlement Cracks:</strong> Fractures where one side of the crack is noticeably higher than the other, indicating subgrade soil movement or washout.</li>
<li><strong>Structural Diagonal Cracks:</strong> Severe cracks caused by heavy vehicle overloads or tree root upward pressure.</li>
</ul>
<p>We clean out fractures using diamond-wheel grinders, extract debris, and inject high-strength polyurea or elastomeric polyurethane sealants that bond tenaciously to concrete walls. These flexible sealants expand and contract with seasonal temperatures, creating a permanent watertight barrier that keeps moisture from freezing and expanding inside the joint.</p>
<h2>Surface Spalling, Scaling, and Chipping Restoration</h2>
<p>Spalling occurs when the top layer of concrete flakes off, exposing coarse aggregate stones beneath. This unsightly damage is often caused by trapped moisture, poor original finishing, or improper chemical use. For slabs suffering from surface degradation without deep structural cracking, we mechanically grind the surface clean, apply bonding primers, and install high-strength polymer-modified cementitious overlays that restore a clean, uniform finish.</p>
<h2>Leveling Sunken and Uneven Concrete Slabs</h2>
<p>When soil beneath a concrete walkway or patio slab settles or washes away, panels can sink several inches, creating dangerous trip ledges. Sinking slabs can also cause stormwater to slope toward your home rather than away. We evaluate the root cause of the settlement. In cases where the underlying base is severely compromised, full <a href=""/concrete-driveway-replacement/"">concrete driveway replacement</a> or panel reconstruction is the best long-term solution.</p>
<h2>Choosing Between Repair, Resurfacing, and Full Replacement</h2>
<p>We pride ourselves on honest, transparent recommendations. If your slab has isolated damage and a solid base, targeted repairs will save you thousands of dollars. If the surface is cosmetically flawed across the entire area, <a href=""/concrete-resurfacing/"">concrete resurfacing</a> can provide a brand-new decorative look over the existing slab. However, if more than 30% of the surface is severely broken, heaved by tree roots, or structurally detached, full replacement is the only lasting remedy.</p>
<p>Learn more about proactive maintenance techniques in our helpful guide on <a href=""/blog/prevent-concrete-cracks/"">preventing concrete cracks</a>. Our structural evaluation methods follow technical guidelines set by the <a href=""https://www.concrete.org/"" target=""_blank"" rel=""noopener"">American Concrete Institute</a>.</p>
<h2>Our Step-by-Step Concrete Repair Workflow</h2>
<ol>
<li><strong>Thorough Damage Assessment:</strong> We inspect the slab, check for subgrade voids, and identify underlying moisture causes.</li>
<li><strong>Mechanical Surface Preparation:</strong> We chase cracks with diamond blades, grind away spalled concrete, and pressure-wash the area.</li>
<li><strong>Polymer Injection &amp; Patching:</strong> We apply industrial bonding agents and place high-strength repair mortars.</li>
<li><strong>Waterproof Joint Caulking:</strong> We seal expansion and control joints with UV-stable commercial polyurethane caulk.</li>
<li><strong>Walkthrough &amp; Maintenance Review:</strong> We review the completed repair with you and offer guidance on ongoing care.</li>
</ol>
<h2>Frequently Asked Questions</h2>
<h3>Can you guarantee that repaired cracks will never return?</h3>
<p>While our flexible sealants bond permanently and keep water out, ongoing soil settlement beneath an unstable slab can cause new stresses. Addressing underlying drainage and grading is essential to preventing future movement.</p>
<h3>How quickly can I walk on repaired concrete?</h3>
<p>Most rapid-set polymer mortars and polyurea joint sealants cure rapidly, allowing light foot traffic within 2 to 4 hours of completion.</p>
<h2>Schedule Your Dunwoody Concrete Repair Estimate</h2>
<p>Eliminate hazardous trip ledges and restore the beauty of your concrete flatwork. Contact Brook Concrete Company today to schedule your free inspection and repair estimate in Dunwoody, GA!</p>",concrete driveway replacement,/concrete-driveway-replacement/,concrete resurfacing,/concrete-resurfacing/,preventing concrete cracks,/blog/prevent-concrete-cracks/,American Concrete Institute,https://www.concrete.org/
Concrete Resurfacing,"Concrete Resurfacing in Dunwoody, GA | Brook Concrete","Renew worn concrete with resurfacing in Dunwoody, GA. Brook Concrete Company refreshes driveways, patios and pool decks for less than replacement.",/concrete-resurfacing/,"<h1>Concrete Resurfacing in Dunwoody, GA</h1>
<p>If your concrete driveway, patio, walkway, or pool deck is structurally sound but looks weathered, discolored, or pitted, you do not have to endure the mess, disruption, and substantial expense of tearing it out. At Brook Concrete Company, we specialize in professional concrete resurfacing throughout Dunwoody, GA, and surrounding north metro communities. Resurfacing gives your aged flatwork a pristine, brand-new surface at a fraction of the cost and time required for complete demolition and replacement.</p>
<p>Concrete resurfacing involves applying an advanced polymer-modified cementitious overlay directly over the cleaned, prepped existing slab. These engineered coatings bond at a molecular level with the original concrete, creating a durable, wear-resistant, and visually captivating new top layer that conceals stains, fills hairline cracks, and restores smooth elegance to your property.</p>
<h2>When Is Concrete Resurfacing the Right Choice?</h2>
<p>Resurfacing is an outstanding solution for concrete surfaces that meet specific structural conditions:</p>
<ul>
<li><strong>Sound Subgrade Support:</strong> The underlying soil must be stable, with no severe sunken slabs, washouts, or base voids.</li>
<li><strong>Cosmetic Surface Wear:</strong> The slab exhibits surface scaling, minor pitting, discoloration, or rough broom wear from years of exposure.</li>
<li><strong>Hairline and Non-Structural Cracks:</strong> Minor shrinkage cracks that can be ground out and pre-treated with flexible epoxy or polymer stitch repair.</li>
<li><strong>Desire for an Aesthetic Upgrade:</strong> Homeowners looking to upgrade plain gray concrete to rich colors, stamped textures, or stone patterns without paying for a new pour.</li>
</ul>
<p>However, if your driveway has deep, shifting fractures, extensive tree root heaving, or severe slab sinking, resurfacing is not recommended because those foundational faults will quickly reflect through the new overlay. In such cases, full <a href=""/concrete-driveway-replacement/"">concrete driveway replacement</a> is the only permanent, reliable fix.</p>
<h2>Exciting Decorative Overlays and Finish Options</h2>
<p>One of the greatest advantages of concrete resurfacing is the vast array of <a href=""/decorative-concrete/"">decorative concrete</a> designs and architectural finishes available:</p>
<ul>
<li><strong>Spray-Down Textured Finishes:</strong> A textured, slip-resistant surface created by spraying polymer cement through a hopper gun, ideal for pool decks and walkways.</li>
<li><strong>Stamped Micro-Toppings:</strong> Thin decorative overlays stamped with patterns replicating slate, flagstone, Roman cobblestone, or brick.</li>
<li><strong>Broom-Finished Overlays:</strong> Restoring the clean, classic look of freshly poured utility concrete with uniform brushed traction lines.</li>
<li><strong>Integral and Acid-Stained Tones:</strong> Infusing rich earth tones, terra cotta hues, or warm grays that mimic variegated natural stone.</li>
</ul>
<h2>The Secret to Enduring Resurfacing: Rigorous Surface Preparation</h2>
<p>The success of any resurfacing project relies entirely on mechanical surface preparation. Polymer coatings will fail prematurely if applied over dirt, grease, efflorescence, or old sealers. At Brook Concrete Company, our resurfacing crews use commercial planetary diamond grinders and shot blasters to open the concrete pores and achieve a Concrete Surface Profile (CSP) of 2 to 3.</p>
<p>Next, we perform meticulous <a href=""/concrete-repair/"">concrete repair</a>, grinding out cracks, injecting high-strength structural epoxies, and anchoring reinforcement fabric across repaired joints before applying the overlay primer. Finally, we apply commercial acrylic or polyurethane sealers to lock in color and protect against UV fading, oil penetration, and freeze-thaw cycles.</p>
<h2>Our Step-by-Step Concrete Resurfacing Workflow</h2>
<ol>
<li><strong>Thorough Slab Inspection:</strong> We assess concrete hardness, moisture transmission, and crack stability.</li>
<li><strong>Diamond Grinding:</strong> We mechanically grind the entire surface to remove contaminates and profile the concrete.</li>
<li><strong>Crack Stitching and Leveling:</strong> We repair fractures and fill spalled depressions flush with the slab plane.</li>
<li><strong>Bond Coat Application:</strong> We apply an advanced polymer-modified bonding slurry to ensure permanent adhesion.</li>
<li><strong>Overlay Application &amp; Texturing:</strong> We apply the resurfacing overlay and tool, trowel, or stamp your chosen decorative pattern.</li>
<li><strong>Curing &amp; Protective Sealing:</strong> We allow proper cure time in accordance with <a href=""https://www.cement.org/"" target=""_blank"" rel=""noopener"">Portland Cement Association</a> guidelines and apply dual protective seal coats.</li>
</ol>
<h2>Frequently Asked Questions</h2>
<h3>How long does concrete resurfacing last?</h3>
<p>When properly installed over a stable slab and resealed every 2 to 3 years, a professional polymer concrete overlay can easily last 10 to 15 years or more.</p>
<h3>How much does resurfacing save compared to replacement?</h3>
<p>Resurfacing typically costs 40% to 60% less than full demolition and replacement because it eliminates heavy excavation, disposal fees, and substantial raw material costs.</p>
<h2>Request Your Free Resurfacing Estimate</h2>
<p>Rejuvenate your tired concrete surfaces without the cost of full replacement. Contact Brook Concrete Company today to schedule your complimentary resurfacing consultation and estimate in Dunwoody, GA!</p>",concrete driveway replacement,/concrete-driveway-replacement/,decorative concrete,/decorative-concrete/,concrete repair,/concrete-repair/,Portland Cement Association,https://www.cement.org/
Commercial Concrete,"Commercial Concrete Contractor Dunwoody, GA | Brook Concrete","Brook Concrete Company provides commercial concrete in Dunwoody, GA: parking areas, sidewalks, slabs and more, built to meet your schedule.",/commercial-concrete/,"<h1>Commercial Concrete Contractor in Dunwoody, GA</h1>
<p>In the commercial real estate and business sectors, concrete infrastructure must satisfy rigorous demands for load-bearing strength, pedestrian safety, municipal building code compliance, and structural longevity. Brook Concrete Company is Dunwoody's premier commercial concrete contractor, delivering heavy-duty flatwork, structural pads, accessibility ramps, and site hardscapes for retail centers, corporate office parks, multi-family housing complexes, warehouses, and municipal facilities throughout north metro Atlanta. We understand that commercial projects require strict adherence to engineering blueprints, tight scheduling milestones, and minimal disruption to ongoing enterprise operations.</p>
<p>From pouring high-capacity commercial parking lots and heavy equipment foundations to repairing pedestrian sidewalks that eliminate trip-and-fall liability, our experienced crews bring commercial-grade machinery, certified ready-mix formulations, and skilled project management to every job site. We partner seamlessly with general contractors, commercial property managers, facility directors, and business owners to ensure your facilities remain safe, attractive, and fully operational.</p>
<h2>Comprehensive Commercial Concrete Flatwork Solutions</h2>
<p>Our commercial division handles the complete spectrum of exterior and interior commercial concrete flatwork, including:</p>
<ul>
<li><strong>Commercial Parking Lots and Drive Aisles:</strong> Installing high-strength, steel-reinforced concrete parking facilities engineered to withstand repetitive bus, delivery truck, and heavy passenger vehicle loading.</li>
<li><strong>Industrial Interior and Warehouse Slabs:</strong> Pouring precision-leveled, high-tolerance <a href=""/concrete-slabs/"">concrete slabs</a> capable of supporting high-bay pallet racking, forklifts, and industrial machinery.</li>
<li><strong>Loading Docks and Aprons:</strong> Constructing heavy-duty reinforced loading dock aprons and approach pads designed to resist extreme point loads from tractor-trailers.</li>
<li><strong>Commercial Walkways and Entry Plazas:</strong> Building high-traffic pedestrian <a href=""/concrete-walkways/"">concrete walkways</a>, breezeways, and welcoming outdoor courtyards that create an upscale professional first impression.</li>
<li><strong>Dumpster Pads and Enclosures:</strong> Pouring extra-thick, heavily reinforced concrete pads designed to withstand the crushing hydraulic impacts of commercial waste collection trucks.</li>
<li><strong>Curbing, Gutters, and Retaining Walls:</strong> Pouring barrier curbs, roll curbs, and structural soil-retaining walls that direct stormwater and organize parking flow.</li>
</ul>
<h2>ADA Compliance and Pedestrian Accessibility</h2>
<p>Premises safety and regulatory compliance are essential for public-facing commercial facilities. A single uneven sidewalk slab or non-compliant entryway ramp can result in costly personal injury lawsuits and Americans with Disabilities Act (ADA) accessibility violations. Brook Concrete Company specializes in ADA-compliant flatwork installations. We design and pour ADA access ramps with exact slopes (never exceeding an 8.33% grade), smooth curb cuts, compliant cross-slopes, and integrated truncated dome tactile warning tiles that guarantee barrier-free accessibility for all customers.</p>
<h2>Scheduling Around Your Business Operations</h2>
<p>We recognize that commercial construction downtime directly impacts your revenue and tenant satisfaction. Nobody can afford to have customer parking closed or delivery bays blocked during peak operational hours. At Brook Concrete Company, we coordinate flexible scheduling, including early morning pours, night work, and phased weekend construction. By dividing large parking installations or pedestrian walkways into sequential phases, we maintain clear patron access and keep traffic circulating safely throughout construction.</p>
<h2>Commercial Maintenance, Restoration, and Trip Hazard Abatement</h2>
<p>Heavy traffic and Georgia's seasonal moisture cycles inevitably cause commercial concrete to experience settling, joint deterioration, and surface cracking over time. Our commercial maintenance and <a href=""/concrete-repair/"">concrete repair</a> division offers rapid-response remediation. We saw-cut and replace damaged panels, inject structural polyurea joint fillers, and mechanically shave down trip ledges, restoring ADA safety quickly and economically.</p>
<h2>Our Rigorous Quality Assurance Process</h2>
<p>Brook Concrete Company operates in strict alignment with guidelines established by the <a href=""https://www.ascconline.org/"" target=""_blank"" rel=""noopener"">American Society of Concrete Contractors</a>. We implement strict slump control, air entrainment monitoring, and certified compressive strength testing. From laser-guided sub-base grading to saw-cut contraction joint layouts and ASTM-compliant moist curing compounds, every commercial installation is built to exceed municipal specifications.</p>
<h2>Frequently Asked Questions</h2>
<h3>What compressive strength concrete do you pour for commercial parking lots?</h3>
<p>We typically pour 4,000 to 5,000 PSI ready-mix concrete reinforced with steel rebar or macro-synthetic fibers for commercial vehicle driving aisles and dumpster pads, ensuring high impact and flexural resistance.</p>
<h3>Are you licensed and insured for commercial contracting in Georgia?</h3>
<p>Yes. Brook Concrete Company maintains comprehensive commercial general liability insurance, full workers' compensation coverage, and all required municipal licenses.</p>
<h2>Contact Dunwoody's Trusted Commercial Concrete Partner</h2>
<p>Keep your commercial facility safe, compliant, and structurally sound. Contact Brook Concrete Company today to discuss your project specifications and schedule a commercial consultation and estimate in Dunwoody, GA!</p>",concrete slabs,/concrete-slabs/,concrete walkways,/concrete-walkways/,concrete repair,/concrete-repair/,American Society of Concrete Contractors,https://www.ascconline.org/
Service Areas,Concrete Contractor Service Areas | Brook Concrete,"Brook Concrete Company serves Dunwoody, Sandy Springs, Brookhaven, Chamblee, Doraville, Peachtree Corners, Norcross, Roswell and Johns Creek, GA.",/service-areas/,"<h1>Concrete Contractor Service Areas Around Dunwoody, GA</h1>
<p>Brook Concrete Company is proud to be north metro Atlanta's premier concrete contractor, providing expert residential and commercial concrete services across an expansive regional footprint. Headquartered in Dunwoody, Georgia, our skilled craftsmen, specialized equipment, and customer-first philosophy have made us the preferred concrete specialist for homeowners, commercial property managers, general contractors, and neighborhood associations throughout northern Fulton, DeKalb, and Gwinnett counties.</p>
<p>From pouring custom stamped backyard patios and high-strength residential driveways to executing large-scale commercial flatwork and targeted concrete repairs, our team delivers consistent quality on every job site. We understand the unique geological, meteorological, and municipal building dynamics of each local community we serve, ensuring that every project is engineered for lasting structural resilience and aesthetic elegance.</p>
<h2>Our Primary Headquarters and Core Service Locations</h2>
<p>While our central operations are based in <a href=""/service-areas/dunwoody-ga/"">Dunwoody, GA</a>, our service territory spans a wide network of thriving northern Atlanta communities. Our primary service areas include:</p>
<ul>
<li><strong>Dunwoody, GA:</strong> Our home base, where we serve established neighborhoods, Perimeter business districts, and vibrant townhome communities.</li>
<li><strong>Sandy Springs, GA:</strong> Delivering custom driveways, expansive pool decks, and commercial flatwork across both bustling commercial hubs and peaceful riverfront estates.</li>
<li><strong>Brookhaven, GA:</strong> Providing precision walkway restorations, historic home steps, and modern patio additions under mature tree canopies.</li>
<li><strong>Chamblee, GA:</strong> Assisting property owners with mid-century ranch renovations, industrial slabs, and stylish stamped outdoor living spaces.</li>
<li><strong>Doraville, GA:</strong> Supporting local business expansions, commercial parking flatwork, and residential upgrades in redeveloping neighborhoods.</li>
<li><strong>Peachtree Corners, GA:</strong> Serving master-planned communities with luxury decorative patios, custom pool surrounds, and commercial office flatwork.</li>
<li><strong>Norcross, GA:</strong> Blending historic downtown aesthetic requirements with modern concrete strength for residential paths and commercial facilities.</li>
<li><strong>Roswell, GA:</strong> Building expansive outdoor entertainment patios, terraced retaining walls, and custom driveways across spacious residential lots.</li>
<li><strong>Johns Creek, GA:</strong> Crafting high-end decorative hardscapes, stamped pool decks, and private estate driveways adhering to strict HOA guidelines.</li>
</ul>
<h2>Full Range of Concrete Solutions Across Every Community</h2>
<p>Regardless of which community your home or commercial building is located in, you receive access to our complete lineup of professional <a href=""/concrete-services/"">concrete services</a>. We handle every project with our in-house crew—from preliminary site surveying, sub-base excavation, and mechanical compaction to precision formwork, structural steel reinforcement, pouring, and decorative hand-tooling. Our solutions include residential driveways, driveway replacements, custom patios, decorative stamped flatwork, walkways, steps, foundation slabs, retaining walls, pool decks, and targeted concrete repairs.</p>
<h2>Navigating Local Georgia Soils and Climate Conditions</h2>
<p>Throughout north metro Atlanta, construction crews face the formidable challenge of building upon native Georgia red clay. Highly expansive in wet weather and prone to shrinkage during summer droughts, clay subsoils can wreak havoc on concrete flatwork that lacks adequate engineering. Across all our service areas, our crews implement rigorous ground preparation standards. We excavate unstable organic topsoils, install dense crushed granite aggregate bases (GAB), and mechanically tamp the subgrade before pouring. This careful preparation guarantees that your new concrete withstands thermal movement and moisture shifts without settling or cracking.</p>
<h2>Municipal Regulations and Permitting Guidance</h2>
<p>Each municipality in our service area maintains specific zoning ordinances, maximum impervious surface ratios, setback requirements, and building permit rules. For example, residential construction in our home city is overseen by the <a href=""https://www.dunwoodyga.gov/"" target=""_blank"" rel=""noopener"">City of Dunwoody</a>, while neighboring cities have their own respective community development departments. Our experienced team helps property owners identify necessary municipal filings, ensuring that all projects proceed smoothly, transparently, and in total compliance with local building codes.</p>
<h2>Frequently Asked Questions</h2>
<h3>Do you charge a travel fee for projects outside of Dunwoody?</h3>
<p>No. We provide free on-site consultations and written estimates throughout all of our designated north metro Atlanta service areas without any travel charges.</p>
<h3>Are your services identical across all locations?</h3>
<p>Yes. Our fully equipped concrete crews bring the exact same state-of-the-art machinery, premium ready-mix concrete formulations, and meticulous attention to detail to every community we serve.</p>
<h2>Get in Touch with Our Concrete Experts Today</h2>
<p>Not sure if your property falls within our service perimeter? <a href=""/contact/"">Contact us</a> today with your address and project details. Our friendly team will quickly confirm our availability and schedule a complimentary on-site consultation to help you bring your concrete project to life!</p>","Dunwoody, GA",/service-areas/dunwoody-ga/,concrete services,/concrete-services/,Contact us,/contact/,City of Dunwoody,https://www.dunwoodyga.gov/
"Concrete Contractor in Dunwoody, GA","Concrete Contractor in Dunwoody, GA | Brook Concrete","Brook Concrete Company provides driveways, patios, repairs and commercial concrete in Dunwoody, GA. Contact us for a free estimate.",/service-areas/dunwoody-ga/,"<h1>Concrete Contractor in Dunwoody, GA</h1>
<p>As our home community and central operational hub, Dunwoody, Georgia holds a special place at Brook Concrete Company. We are proud to be Dunwoody's most trusted concrete contractor, providing homeowners, businesses, and property managers with exceptional concrete craftsmanship, transparent communication, and long-lasting structural solutions. From quiet residential cul-de-sacs in the Dunwoody Club Forest, Kingsley, and Georgetown neighborhoods to bustling commercial corridors near Perimeter Center, we understand Dunwoody's unique architectural charm and engineering needs.</p>
<p>Concrete flatwork in Dunwoody must withstand regional weather patterns—heavy spring rains, high summer humidity, and occasional winter freezes—as well as the movements of northern Georgia's expansive red clay soil. By combining rigorous sub-base preparation, premium ready-mix formulations, and skilled hand-finishing, our crew builds concrete surfaces that deliver reliable daily performance and elevate your property's value for decades.</p>
<h2>Residential Concrete Solutions for Dunwoody Homeowners</h2>
<p>Many homes throughout Dunwoody were constructed between the 1960s and 1980s, meaning original exterior concrete driveways, entry sidewalks, and back patios are now approaching forty to fifty years of age. Over time, invasive tree roots from mature oaks and pine trees, combined with subsoil settlement, leave slabs broken, uneven, and hazardous. Our residential services restore safety, convenience, and modern aesthetic elegance:</p>
<ul>
<li><strong>Driveway Demolition and Replacement:</strong> If your driveway is cracked beyond simple repair, our complete <a href=""/concrete-driveway-replacement/"">driveway replacement</a> service removes old concrete, rebuilds the aggregate subgrade, and pours a beautiful, durable slab.</li>
<li><strong>Custom Outdoor Living Patios:</strong> Transforming backyards into inviting relaxation retreats featuring smooth trowel finishes, brushed textures, or multi-tone <a href=""/stamped-concrete/"">stamped concrete</a> patterns.</li>
<li><strong>Front Walkways and Entry Landings:</strong> Creating wide, welcoming pathways that connect your front porch to the driveway with safe, non-slip surfaces.</li>
<li><strong>Monolithic Slabs for Garages and Sheds:</strong> Pouring reinforced concrete foundations for storage buildings, home workshops, and heavy mechanical equipment.</li>
<li><strong>Concrete Steps and Terraced Landings:</strong> Building safe, code-compliant entry stairs that eliminate dangerous trips and settling gaps.</li>
<li><strong>Targeted Concrete Repairs:</strong> When slabs are structurally sound, our targeted <a href=""/concrete-repair/"">concrete repair</a> services seal cracks and level uneven panels economically.</li>
</ul>
<h2>Commercial Flatwork for Dunwoody Businesses and Retail Plazas</h2>
<p>Dunwoody is a thriving commercial hub, home to major corporate offices, retail dining plazas, and multi-family residential developments. We provide commercial flatwork engineered to withstand heavy vehicle loading and continuous pedestrian traffic. Our commercial capabilities include high-capacity parking lot installations, dumpster containment pads, loading dock aprons, and ADA-compliant pedestrian ramps. We coordinate flexible construction schedules—including weekend and night pours—to minimize disruption to your patrons and tenants.</p>
<h2>Navigating Dunwoody City Codes and Impervious Surface Rules</h2>
<p>Because Dunwoody values green space and watershed management, residential hardscape additions are subject to strict municipal guidelines. The <a href=""https://www.dunwoodyga.gov/"" target=""_blank"" rel=""noopener"">City of Dunwoody</a> enforces regulations regarding maximum lot coverage, impervious surface ratios, and tree canopy preservation. Expanding a driveway footprint or pouring a large backyard patio often requires careful planning to ensure compliance with local stormwater runoff regulations. Brook Concrete Company works closely with homeowners to ensure all project designs conform to municipal requirements and Homeowners Association (HOA) architectural standards.</p>
<h2>Our Step-by-Step Construction Process</h2>
<ol>
<li><strong>Complimentary On-Site Inspection:</strong> We visit your Dunwoody home, evaluate elevations, inspect soil conditions, and discuss decorative options.</li>
<li><strong>Sub-Base Excavation and Compaction:</strong> We remove unsuitable organic soil and compact a thick crushed granite base to prevent future settling.</li>
<li><strong>Laser-Aligned Formwork and Reinforcement:</strong> We construct rigid forms and place elevated steel rebar grids for maximum tensile strength.</li>
<li><strong>Pouring and Precision Finishing:</strong> We pour 3,500 to 4,000+ PSI concrete and apply your chosen broom, smooth, or stamped decorative finish.</li>
<li><strong>Curing, Jointing, and Cleanup:</strong> We cut precision contraction joints, apply curing agents, and leave your property clean and immaculate.</li>
</ol>
<h2>Frequently Asked Questions</h2>
<h3>How quickly can you start a concrete project in Dunwoody?</h3>
<p>Following your written estimate approval and any necessary municipal permit approvals, most residential projects can be scheduled to begin within one to two weeks.</p>
<h3>Will construction equipment damage my lawn?</h3>
<p>Our crews use compact, turf-friendly machines and lay down heavy protective plywood sheeting to protect your grass, flowerbeds, and irrigation systems.</p>
<h2>Schedule Your Free Dunwoody Concrete Estimate</h2>
<p>Partner with your local Dunwoody concrete specialists. Contact Brook Concrete Company today to schedule your complimentary on-site consultation and written proposal!</p>",driveway replacement,/concrete-driveway-replacement/,stamped concrete,/stamped-concrete/,concrete repair,/concrete-repair/,City of Dunwoody,https://www.dunwoodyga.gov/
"Concrete Contractor in Sandy Springs, GA","Concrete Contractor in Sandy Springs, GA | Brook Concrete","Brook Concrete Company provides driveways, patios, repairs and commercial concrete in Sandy Springs, GA. Contact us for a free estimate.",/service-areas/sandy-springs-ga/,"<h1>Concrete Contractor in Sandy Springs, GA</h1>
<p>Bordering Dunwoody directly to the west, Sandy Springs, Georgia is a vibrant, diverse community that blends established residential neighborhoods with bustling commercial developments along Roswell Road and the Perimeter business district. At Brook Concrete Company, we are proud to provide comprehensive residential and commercial concrete services throughout Sandy Springs. Whether you own a classic mid-century home in Mount Vernon, a riverside estate along the Chattahoochee, or a commercial retail property near City Springs, our experienced concrete craftsmen deliver high-performance flatwork engineered to endure.</p>
<p>Sandy Springs properties often feature undulating terrain, steep driveway approaches, and heavy mature tree canopies. These natural landscapes require an experienced concrete contractor who understands how to manage slope drainage, tree root mitigation, and soil stabilization. Our team combines rigorous engineering standards with refined decorative artistry, ensuring your concrete installations look stunning and perform reliably for decades.</p>
<h2>Residential Concrete Services in Sandy Springs</h2>
<p>Homeowners throughout Sandy Springs trust Brook Concrete Company for dependable, aesthetically pleasing hardscapes. Our residential concrete solutions include:</p>
<ul>
<li><strong>Custom Driveway Installations and Replacements:</strong> Building high-strength, beautiful <a href=""/concrete-driveways/"">concrete driveways</a> engineered to handle passenger cars, SUVs, and delivery vans with ease.</li>
<li><strong>Engineered Hillside Retaining Walls:</strong> Constructing durable, poured concrete <a href=""/concrete-retaining-walls/"">retaining walls</a> to control erosion, terrace steep hillsides, and create usable yard space.</li>
<li><strong>Outdoor Living Patios:</strong> Creating spacious, custom backyard patios featuring elegant brushed, smooth, colored, or stamped stone finishes.</li>
<li><strong>Front Entry Sidewalks and Walkways:</strong> Designing smooth, slip-resistant pathways that connect entryways and gardens safely.</li>
<li><strong>Detached Garage and Shed Slabs:</strong> Pouring level, vapor-retarded concrete slabs for storage buildings, workshops, and vehicle shelters.</li>
<li><strong>Swimming Pool Decks:</strong> Pouring cool-touch, slip-resistant pool surrounds that enhance backyard leisure and safety.</li>
</ul>
<h2>Commercial Concrete Services for Sandy Springs Businesses</h2>
<p>Sandy Springs is home to major healthcare facilities, corporate headquarters, and bustling shopping centers. Our commercial division delivers heavy-duty <a href=""/commercial-concrete/"">commercial concrete</a> flatwork designed to comply with municipal specifications and ADA accessibility standards. We pour high-capacity commercial parking lots, heavy-duty truck loading bays, durable dumpster enclosure pads, and accessible pedestrian corridors. We coordinate flexible construction schedules, including phased night and weekend pours, to prevent disruption to your tenants and patrons.</p>
<h2>Understanding Sandy Springs Permitting and Environmental Codes</h2>
<p>Because much of Sandy Springs drains toward the Chattahoochee River basin, the municipality enforces strict regulations regarding land disturbance, stormwater management, and impervious surface limits. The <a href=""https://www.sandyspringsga.gov/"" target=""_blank"" rel=""noopener"">City of Sandy Springs</a> Community Development department reviews projects to ensure compliance with tree canopy protection rules and setback ordinances. Brook Concrete Company helps property owners navigate these guidelines, ensuring that new concrete driveways, retaining walls, and patios are engineered responsibly and permitted smoothly.</p>
<h2>Why Sandy Springs Property Owners Choose Brook Concrete Company</h2>
<p>The secret to our longevity and sterling local reputation is our refusal to take shortcuts. In north Georgia's expansive clay soils, a concrete slab poured directly over uncompacted dirt will inevitably settle, shift, and crack. At Brook Concrete Company, we excavate thoroughly, install a thick base of mechanically compacted crushed aggregate (GAB), and incorporate tied steel rebar reinforcement on every structural pour. We cut contraction joints at precise intervals, guaranteeing that your concrete remains stable and visually pristine through all seasons.</p>
<h2>Our Step-by-Step Construction Process</h2>
<ol>
<li><strong>On-Site Consultation:</strong> We inspect your Sandy Springs property, evaluate slopes and drainage, take measurements, and discuss decorative options.</li>
<li><strong>Excavation and Base Preparation:</strong> We dig out topsoil, remove invasive roots, and compact a crushed stone base to eliminate settling pockets.</li>
<li><strong>Formwork and Steel Grids:</strong> We construct laser-aligned forms and install elevated steel rebar grids for maximum flexural strength.</li>
<li><strong>Pouring and Surface Texturing:</strong> We pour high-strength ready-mix concrete and hand-tool the edges with your chosen non-slip or decorative finish.</li>
<li><strong>Jointing, Curing, and Site Restoration:</strong> We cut stress-relief joints, apply protective curing sealants, and leave your property immaculate.</li>
</ol>
<h2>Frequently Asked Questions</h2>
<h3>Can you match the concrete finish of our existing patio?</h3>
<p>While fresh concrete will naturally look brighter than weathered slabs, our team carefully replicates existing broom textures, border tooling, and aggregate profiles to ensure visual harmony.</p>
<h3>How long does a driveway replacement take in Sandy Springs?</h3>
<p>Demolition, base compaction, forming, and pouring typically take 2 to 3 working days. Passenger vehicles can return to the new surface after a 7-day curing period.</p>
<h2>Get Your Free Sandy Springs Concrete Estimate</h2>
<p>Enhance your home or business with premium concrete craftsmanship from Brook Concrete Company. Contact us today to schedule your complimentary on-site consultation and written estimate in Sandy Springs, GA!</p>",concrete driveways,/concrete-driveways/,retaining walls,/concrete-retaining-walls/,commercial concrete,/commercial-concrete/,City of Sandy Springs,https://www.sandyspringsga.gov/
"Concrete Contractor in Brookhaven, GA","Concrete Contractor in Brookhaven, GA | Brook Concrete","Brook Concrete Company provides driveways, patios, repairs and commercial concrete in Brookhaven, GA. Contact us for a free estimate.",/service-areas/brookhaven-ga/,"<h1>Concrete Contractor in Brookhaven, GA</h1>
<p>Located just south of Dunwoody, Brookhaven, Georgia is known for its beautiful historic neighborhoods, mature tree-lined streets, and vibrant commercial centers around Peachtree Road and Dresden Drive. At Brook Concrete Company, we are proud to serve Brookhaven homeowners and commercial property owners with top-tier concrete contracting services. Whether you are modernizing a classic cottage in Ashford Park, updating a mid-century home in Brittany, or managing a commercial property near Oglethorpe University, our skilled craftsmen provide durable, elegant concrete solutions built to stand the test of time.</p>
<p>Brookhaven's scenic landscape is defined by grand hardwood trees and rolling topography. While this provides exceptional neighborhood charm, mature root systems and seasonal rainfall frequently cause aged concrete to heave, crack, and settle. Our team understands how to address these regional challenges through precision root barrier installations, deep aggregate sub-bases, and heavy structural reinforcement, delivering flatwork that performs flawlessly.</p>
<h2>Residential Concrete Services in Brookhaven</h2>
<p>Brookhaven homeowners take immense pride in their outdoor living spaces and exterior curb appeal. At Brook Concrete Company, we offer a comprehensive lineup of residential hardscape services:</p>
<ul>
<li><strong>Custom Front Sidewalks and Paths:</strong> Designing safe, welcoming <a href=""/concrete-walkways/"">concrete walkways</a> that connect street parking, driveways, and front porches with non-slip surfaces.</li>
<li><strong>Driveway Installations and Replacements:</strong> Pouring durable, steel-reinforced driveways that handle heavy daily vehicle traffic without settling or surface pitting.</li>
<li><strong>Artistic Outdoor Living Patios:</strong> Creating luxurious outdoor entertaining spaces featuring decorative <a href=""/stamped-concrete/"">stamped patios</a> that replicate natural slate, flagstone, or brick masonry.</li>
<li><strong>Code-Compliant Entry Steps:</strong> Building sturdy, uniform <a href=""/concrete-steps/"">concrete steps</a> and porch landings that eliminate dangerous trip hazards and settling separation gaps.</li>
<li><strong>Structural Accessory Slabs:</strong> Pouring level concrete foundations for backyard storage sheds, detached garages, workshops, and outdoor kitchens.</li>
<li><strong>Retaining Walls and Terraces:</strong> Engineering poured concrete retaining walls to manage sloping yards, prevent erosion, and create usable lawn terraces.</li>
</ul>
<h2>Commercial Concrete Contracting in Brookhaven</h2>
<p>Brookhaven's bustling retail shopping districts, restaurants, and medical office buildings require commercial concrete infrastructure that is safe, ADA-compliant, and durable. Brook Concrete Company pours commercial parking lots, delivery loading pads, commercial sidewalks, and curb cuts designed to meet strict municipal specifications. We coordinate flexible construction schedules, including early morning and weekend pours, to limit operational disruptions for your tenants and patrons.</p>
<h2>Navigating City of Brookhaven Permitting and Tree Protection</h2>
<p>The City of Brookhaven enforces rigorous zoning codes and tree protection ordinances designed to preserve the community's dense hardwood canopy. Any substantial land disturbance or driveway expansion within the root zone of specimen trees requires careful municipal review and mitigation. The <a href=""https://www.brookhavenga.gov/"" target=""_blank"" rel=""noopener"">City of Brookhaven</a> Community Development Department also monitors maximum impervious lot coverage ratios. Brook Concrete Company works closely with homeowners to ensure all project layouts comply fully with local tree protection rules and municipal building codes.</p>
<h2>Why Brookhaven Residents Trust Brook Concrete Company</h2>
<p>Our commitment to honest craftsmanship sets us apart. We never pour concrete over soft, uncompacted soil or skimp on reinforcing steel. Every project we undertake begins with thorough excavation down to competent subgrade, followed by the installation of a mechanically compacted crushed granite aggregate base (GAB). We install elevated steel rebar grids for maximum tensile strength, pour commercial-grade ready-mix concrete, and hand-tool joints to manage natural shrinkage stresses. Our team treats your property with the utmost respect, maintaining tidy work boundaries and protecting existing turf and landscaping throughout construction.</p>
<h2>Our Step-by-Step Project Process</h2>
<ol>
<li><strong>Complimentary Consultation:</strong> We visit your Brookhaven property, evaluate elevation grades and root zones, take measurements, and discuss finish options.</li>
<li><strong>Sub-Base Preparation:</strong> We excavate unsuitable topsoil, prune non-critical surface roots, and compact a dense crushed gravel foundation.</li>
<li><strong>Formwork &amp; Reinforcement:</strong> We construct laser-aligned forms and install tied steel rebar grids elevated on chairs.</li>
<li><strong>Pouring &amp; Surface Finishing:</strong> We pour high-strength concrete, screed it flat, and apply your chosen broom, smooth, or stamped decorative finish.</li>
<li><strong>Joint Cutting, Curing &amp; Cleanup:</strong> We cut precision contraction joints, apply protective curing sealants, and leave your job site clean and orderly.</li>
</ol>
<h2>Frequently Asked Questions</h2>
<h3>Can stamped concrete be applied to front steps as well as patios?</h3>
<p>Yes. We can carry stamped textures and matching integral color tones across both your patio flatwork and front step risers and treads for a seamless architectural look.</p>
<h3>How do you protect tree roots during driveway replacement?</h3>
<p>Our crews use specialized hand-digging techniques and root-friendly excavation tools near tree driplines to protect vital root systems while establishing a stable sub-base.</p>
<h2>Schedule Your Free Brookhaven Concrete Estimate</h2>
<p>Enhance the safety, functionality, and elegance of your Brookhaven home or business. Contact Brook Concrete Company today to schedule your complimentary consultation and written proposal!</p>",concrete walkways,/concrete-walkways/,stamped patios,/stamped-concrete/,concrete steps,/concrete-steps/,City of Brookhaven,https://www.brookhavenga.gov/
"Concrete Contractor in Chamblee, GA","Concrete Contractor in Chamblee, GA | Brook Concrete","Brook Concrete Company provides driveways, patios, repairs and commercial concrete in Chamblee, GA. Contact us for a free estimate.",/service-areas/chamblee-ga/,"<h1>Concrete Contractor in Chamblee, GA</h1>
<p>Chamblee, Georgia is an energetic, rapidly evolving city that seamlessly blends historic charm, mid-century ranch neighborhoods, and dynamic modern transit-oriented developments along Peachtree Boulevard. At Brook Concrete Company, we are proud to provide top-quality concrete contracting services to residential and commercial property owners throughout Chamblee. Whether you are updating a classic home in Huntley Hills, building an accessory structure in Sexton Woods, or managing a commercial warehouse facility, our seasoned concrete craftsmen deliver durable, precision-engineered flatwork built to last.</p>
<p>Chamblee properties present a unique mix of older, aging concrete infrastructure and modern infill construction demands. In older neighborhoods, original driveways and walkways poured decades ago frequently suffer from surface scaling, root heave, and subgrade settlement. In newer developments, precision foundation slabs and contemporary outdoor living spaces are in high demand. Whatever your property's needs, Brook Concrete Company brings professional equipment, premium materials, and unmatched local expertise to every pour.</p>
<h2>Residential Concrete Services in Chamblee</h2>
<p>We help Chamblee homeowners elevate their property value, outdoor enjoyment, and daily convenience through a full range of residential concrete solutions:</p>
<ul>
<li><strong>Driveway Installation and Replacement:</strong> Upgrading broken, crumbling driveways with a new <a href=""/concrete-driveways/"">concrete driveways</a> installation engineered with a compacted gravel base and steel rebar reinforcement.</li>
<li><strong>Precision Accessory Slabs:</strong> Pouring level, high-capacity <a href=""/concrete-slabs/"">concrete slabs</a> for detached garages, backyard storage sheds, home workshops, and heavy equipment pads.</li>
<li><strong>Custom Outdoor Patios:</strong> Creating inviting backyard living areas with smooth-troweled borders, non-slip broom textures, or modern decorative stamping.</li>
<li><strong>Walkways and Sidewalks:</strong> Constructing safe, attractive pedestrian paths connecting driveways, entryways, and gardens.</li>
<li><strong>Entry Steps and Landings:</strong> Building sturdy, code-compliant poured concrete steps that eliminate dangerous trip ledges and settling gaps.</li>
<li><strong>Concrete Resurfacing and Restoration:</strong> Rejuvenating cosmetically worn, pitted slabs through advanced polymer <a href=""/concrete-resurfacing/"">concrete resurfacing</a> at a fraction of replacement costs.</li>
</ul>
<h2>Commercial Concrete Services for Chamblee Businesses</h2>
<p>Chamblee's thriving commercial corridors—including the Antique Row district, modern retail centers, and industrial warehouse parks—depend on reliable concrete flatwork. Our commercial division delivers heavy-duty parking lot installations, high-capacity truck loading aprons, dumpster containment pads, and ADA-compliant pedestrian sidewalks. We understand that business operations cannot stop for construction, which is why we coordinate flexible, phased schedules—including night and weekend work—to ensure your clients and tenants enjoy uninterrupted access.</p>
<h2>Navigating Chamblee Permitting and Zoning Guidelines</h2>
<p>Residential and commercial exterior improvements in Chamblee must adhere to specific municipal ordinances regarding building setbacks, maximum impervious surface coverage, and stormwater drainage. The <a href=""https://www.chambleega.com/"" target=""_blank"" rel=""noopener"">City of Chamblee</a> Development Department reviews permit applications to ensure that new driveways and large hardscape additions do not overwhelm local storm sewer systems. Brook Concrete Company assists property owners throughout the planning process, ensuring that your concrete installations comply fully with all local municipal guidelines and zoning rules.</p>
<h2>Why Chamblee Property Owners Choose Brook Concrete Company</h2>
<p>The difference between concrete that lasts forty years and concrete that cracks within twelve months lies in subgrade engineering. Northern Georgia's expansive red clay shifts dramatically with seasonal moisture fluctuations. Many cut-rate contractors simply pour concrete over bare dirt, leading to catastrophic settlement cracks. At Brook Concrete Company, we excavate thoroughly, install a thick, clean graded aggregate base (GAB), mechanically compact the foundation, and suspend tied steel rebar grids elevated on chairs. Our proven process ensures your slab resists settlement, heaving, and heavy point loads.</p>
<h2>Our Step-by-Step Construction Workflow</h2>
<ol>
<li><strong>On-Site Property Inspection:</strong> We visit your Chamblee property, measure the proposed footprint, inspect elevations, and provide a clear written estimate.</li>
<li><strong>Demolition &amp; Subgrade Compaction:</strong> We remove old concrete, excavate organic topsoil, and compact a crushed stone base.</li>
<li><strong>Formwork &amp; Steel Reinforcement:</strong> We erect laser-aligned forms and tie structural steel rebar grids for superior tensile strength.</li>
<li><strong>Pouring &amp; Precision Finishing:</strong> We pour high-strength ready-mix concrete, screed it flat, and apply your chosen surface texture.</li>
<li><strong>Joint Cutting, Curing &amp; Site Cleanup:</strong> We cut precision contraction joints, apply curing sealants, and leave your job site immaculate.</li>
</ol>
<h2>Frequently Asked Questions</h2>
<h3>Can you widen our existing driveway when replacing it?</h3>
<p>Yes. A driveway replacement is the ideal time to expand your parking footprint, add a convenient turnaround, or create extra space for a second vehicle, subject to Chamblee lot coverage rules.</p>
<h3>How long must concrete cure before I can frame a shed on a new slab?</h3>
<p>Concrete achieves approximately 70% of its ultimate strength within 7 days. Most carpenters can begin framing walls after 7 days, with complete 28-day curing reached thereafter.</p>
<h2>Schedule Your Free Chamblee Concrete Estimate</h2>
<p>Upgrade your Chamblee home or business with durable, beautiful concrete flatwork from Brook Concrete Company. Contact us today to schedule your complimentary consultation and written estimate!</p>",concrete driveways,/concrete-driveways/,concrete slabs,/concrete-slabs/,concrete resurfacing,/concrete-resurfacing/,City of Chamblee,https://www.chambleega.com/
"Concrete Contractor in Doraville, GA","Concrete Contractor in Doraville, GA | Brook Concrete","Brook Concrete Company provides driveways, patios, repairs and commercial concrete in Doraville, GA. Contact us for a free estimate.",/service-areas/doraville-ga/,"<h1>Concrete Contractor in Doraville, GA</h1>
<p>Doraville, Georgia is an active, rapidly growing municipality situated directly adjacent to Dunwoody in northern DeKalb County. Renowned for its rich multicultural community, bustling commercial corridors along Buford Highway, and exciting new transit-oriented redevelopments like Assembly Atlanta, Doraville represents an energetic mix of residential neighborhoods and thriving commercial enterprises. At Brook Concrete Company, we are proud to serve as Doraville's dependable concrete contractor, providing expert residential flatwork, heavy commercial paving, and precision concrete repairs.</p>
<p>Whether you are upgrading an older mid-century home in Northwoods, modernizing a commercial facility, or building new infrastructure, our seasoned concrete craftsmen bring the right equipment, high-grade materials, and engineering expertise to every pour. We build concrete surfaces designed to withstand heavy daily traffic, severe weather, and north Georgia's demanding clay soils.</p>
<h2>Residential Concrete Solutions for Doraville Homeowners</h2>
<p>Homeowners across Doraville rely on Brook Concrete Company to improve their property's curb appeal, safety, and outdoor functionality. Our residential services encompass everything from front-yard parking to backyard entertainment:</p>
<ul>
<li><strong>Front Sidewalks and Garden Paths:</strong> Constructing safe, attractive <a href=""/concrete-walkways/"">concrete walkways</a> that connect driveways, porches, and detached amenities with non-slip surfaces.</li>
<li><strong>Reinforced Accessory Slabs:</strong> Pouring durable, level <a href=""/concrete-slabs/"">concrete slabs</a> for storage sheds, detached garages, workshops, and HVAC equipment pads.</li>
<li><strong>Driveway Installations and Replacements:</strong> Building high-strength concrete driveways engineered with heavy gravel bases and rebar reinforcement to prevent cracking.</li>
<li><strong>Custom Outdoor Living Patios:</strong> Pouring spacious backyard entertainment spaces with smooth trowel finishes, brushed textures, or decorative stamped patterns.</li>
<li><strong>Entry Steps and Porch Landings:</strong> Constructing sturdy, uniform concrete steps that eliminate dangerous trip hazards and settling separation gaps.</li>
<li><strong>Targeted Concrete Repairs:</strong> Sealing surface fractures and leveling uneven panels to restore safety without the expense of total replacement.</li>
</ul>
<h2>Commercial Concrete Services for Doraville Businesses</h2>
<p>Doraville is home to extensive industrial parks, retail shopping plazas, automotive centers, and international dining destinations that experience intense vehicle and foot traffic. Our commercial division delivers heavy-duty <a href=""/commercial-concrete/"">commercial concrete</a> flatwork engineered to meet commercial load demands and strict ADA compliance. We pour high-capacity commercial parking lots, heavy-duty truck loading bays, reinforced dumpster containment pads, and accessible pedestrian corridors. We coordinate flexible construction schedules, including early morning and weekend pours, to prevent disruption to your tenants and patrons.</p>
<h2>Navigating Doraville Permitting and Building Regulations</h2>
<p>Doraville maintains specific municipal codes regarding land disturbance, stormwater management, and zoning setbacks. The <a href=""https://www.doravillega.gov/"" target=""_blank"" rel=""noopener"">City of Doraville</a> Community Development Department oversees building permits and enforces maximum impervious surface ratios to protect local watersheds. Expanding a driveway footprint or pouring a large commercial slab requires careful planning to ensure compliance with municipal runoff rules. Brook Concrete Company guides property owners through the permitting process, ensuring that all concrete flatwork is installed in total compliance with municipal guidelines.</p>
<h2>Why Doraville Property Owners Trust Brook Concrete Company</h2>
<p>The key to enduring concrete flatwork lies in diligent sub-base preparation. In northern Georgia, native red clay expands during wet seasons and shrinks during summer droughts. Pouring concrete directly over uncompacted soil inevitably results in premature cracking and settlement. At Brook Concrete Company, we excavate down to firm subsoil, install a thick graded aggregate base (GAB), mechanically compact the foundation, and suspend tied steel rebar grids elevated on chairs. Our proven process guarantees that your concrete remains level, stable, and crack-free for decades.</p>
<h2>Our Step-by-Step Construction Process</h2>
<ol>
<li><strong>Complimentary Consultation:</strong> We visit your Doraville property, inspect elevation grades, measure dimensions, and discuss finish options.</li>
<li><strong>Sub-Base Preparation:</strong> We excavate unsuitable topsoil, correct drainage pitch, and compact a dense crushed gravel foundation.</li>
<li><strong>Formwork &amp; Reinforcement:</strong> We erect laser-aligned forms and install tied steel rebar grids elevated on chairs.</li>
<li><strong>Pouring &amp; Surface Finishing:</strong> We pour high-strength ready-mix concrete, screed it flat, and apply your chosen non-slip or decorative finish.</li>
<li><strong>Joint Cutting, Curing &amp; Cleanup:</strong> We cut precision contraction joints, apply protective curing sealants, and leave your job site spotless.</li>
</ol>
<h2>Frequently Asked Questions</h2>
<h3>What type of finish is best for commercial sidewalks?</h3>
<p>A fine broom finish is the commercial standard because it provides superior slip resistance in all weather conditions while presenting a clean, uniform appearance.</p>
<h3>How thick should a commercial dumpster pad be?</h3>
<p>Dumpster pads should be poured at least 6 to 8 inches thick with heavy steel rebar grids to withstand the crushing point loads exerted by front-loading garbage trucks.</p>
<h2>Schedule Your Free Doraville Concrete Estimate</h2>
<p>Enhance the safety, functionality, and value of your Doraville home or business. Contact Brook Concrete Company today to schedule your complimentary consultation and written proposal!</p>",concrete walkways,/concrete-walkways/,concrete slabs,/concrete-slabs/,commercial concrete,/commercial-concrete/,City of Doraville,https://www.doravillega.gov/
"Concrete Contractor in Peachtree Corners, GA",Concrete Contractor Peachtree Corners GA | Brook Concrete,"Brook Concrete Company provides driveways, patios, repairs and commercial concrete in Peachtree Corners, GA. Contact us for a free estimate.",/service-areas/peachtree-corners-ga/,"<h1>Concrete Contractor in Peachtree Corners, GA</h1>
<p>Peachtree Corners, Georgia is a vibrant, forward-thinking planned community located just northeast of Dunwoody in western Gwinnett County. Renowned for its master-planned residential neighborhoods, picturesque Chattahoochee River frontage, and the cutting-edge Curiosity Lab technology park, Peachtree Corners blends sophisticated suburban living with dynamic corporate enterprise. At Brook Concrete Company, we are proud to serve as the premier concrete contractor for homeowners, business owners, and property managers throughout Peachtree Corners.</p>
<p>Whether you reside in an established neighborhood along Peachtree Parkway, a riverfront estate in Neely Farm, or manage an office park near Technology Parkway, our experienced team delivers exceptional concrete flatwork. We combine high-strength structural engineering with elegant decorative finishes, ensuring that every driveway, patio, walkway, and commercial slab we pour enhances curb appeal and performs flawlessly for decades.</p>
<h2>Residential Concrete Solutions for Peachtree Corners Homeowners</h2>
<p>Peachtree Corners homeowners take great pride in their properties, frequently investing in outdoor entertaining spaces and high-end hardscape upgrades. Our residential concrete services include:</p>
<ul>
<li><strong>Custom Outdoor Living Patios:</strong> Designing and pouring expansive backyard <a href=""/concrete-patios/"">concrete patios</a> featuring brushed textures, colored concrete, or realistic stone stamping.</li>
<li><strong>Luxury Swimming Pool Decks:</strong> Pouring slip-resistant, cool-touch concrete <a href=""/concrete-pool-decks/"">pool decks</a> that provide safe, comfortable barefoot lounging around inground pools.</li>
<li><strong>Driveway Installations and Replacements:</strong> Constructing durable, steel-reinforced driveways that withstand heavy daily vehicle traffic while boosting exterior curb appeal.</li>
<li><strong>Front Entry Walkways and Paths:</strong> Building wide, welcoming pedestrian paths connecting driveways to front porches with non-slip surfaces.</li>
<li><strong>Accessory Structure Slabs:</strong> Pouring level, vapor-retarded concrete foundations for storage sheds, detached garages, workshops, and outdoor kitchen pavilions.</li>
<li><strong>Poured Concrete Retaining Walls:</strong> Engineering sturdy retaining walls to control slope erosion, manage yard drainage, and terrace sloped topography.</li>
</ul>
<h2>Commercial Concrete Services for Peachtree Corners Facilities</h2>
<p>As Gwinnett County's largest city and a prominent regional technology hub, Peachtree Corners features extensive corporate campuses, retail dining centers, and multi-family housing developments. Our commercial division delivers heavy-duty <a href=""/commercial-concrete/"">commercial concrete</a> flatwork engineered to meet commercial load demands and strict ADA compliance. We pour high-capacity commercial parking lots, heavy-duty truck loading bays, reinforced dumpster containment pads, and accessible pedestrian corridors. We coordinate flexible construction schedules, including early morning and weekend pours, to prevent disruption to your tenants and patrons.</p>
<h2>Navigating Peachtree Corners Permitting and HOA Guidelines</h2>
<p>Peachtree Corners properties are often subject to both municipal building regulations and active Homeowners Association (HOA) architectural covenants. The <a href=""https://www.peachtreecornersga.gov/"" target=""_blank"" rel=""noopener"">City of Peachtree Corners</a> Community Development Department oversees building permits, enforcing zoning setbacks, land disturbance rules, and maximum impervious surface coverage limits. Furthermore, many local neighborhoods mandate specific concrete colors, borders, or finish textures. Brook Concrete Company helps property owners navigate these requirements seamlessly, ensuring full compliance and smooth project approvals.</p>
<h2>Why Peachtree Corners Property Owners Trust Brook Concrete Company</h2>
<p>The key to enduring concrete flatwork lies in diligent sub-base preparation. In northern Georgia, native red clay expands during wet seasons and shrinks during summer droughts. Pouring concrete directly over uncompacted soil inevitably results in premature cracking and settlement. At Brook Concrete Company, we excavate down to firm subsoil, install a thick graded aggregate base (GAB), mechanically compact the foundation, and suspend tied steel rebar grids elevated on chairs. Our proven process guarantees that your concrete remains level, stable, and crack-free for decades.</p>
<h2>Our Step-by-Step Construction Process</h2>
<ol>
<li><strong>Complimentary Consultation:</strong> We visit your Peachtree Corners property, inspect elevation grades, measure dimensions, and discuss finish options.</li>
<li><strong>Sub-Base Preparation:</strong> We excavate unsuitable topsoil, correct drainage pitch, and compact a dense crushed gravel foundation.</li>
<li><strong>Formwork &amp; Reinforcement:</strong> We erect laser-aligned forms and install tied steel rebar grids elevated on chairs.</li>
<li><strong>Pouring &amp; Surface Finishing:</strong> We pour high-strength ready-mix concrete, screed it flat, and apply your chosen non-slip or decorative finish.</li>
<li><strong>Joint Cutting, Curing &amp; Cleanup:</strong> We cut precision contraction joints, apply protective curing sealants, and leave your job site spotless.</li>
</ol>
<h2>Frequently Asked Questions</h2>
<h3>Can you install a stamped concrete patio that complements our existing brick exterior?</h3>
<p>Yes. We offer an extensive selection of integral colors, release agents, and brick or stone stamp patterns designed to coordinate beautifully with your home's brick siding and architectural trim.</p>
<h3>How do you ensure proper drainage around pool decks?</h3>
<p>We pour pool decks with a precise laser-guided 1/4-inch per foot slope away from the pool coping, routing splash water and rain runoff harmlessly into deck drains or landscaping beds.</p>
<h2>Schedule Your Free Peachtree Corners Concrete Estimate</h2>
<p>Elevate your Peachtree Corners property with superior concrete craftsmanship from Brook Concrete Company. Contact us today to schedule your complimentary consultation and written proposal!</p>",concrete patios,/concrete-patios/,pool decks,/concrete-pool-decks/,commercial concrete,/commercial-concrete/,City of Peachtree Corners,https://www.peachtreecornersga.gov/
"Concrete Contractor in Norcross, GA","Concrete Contractor in Norcross, GA | Brook Concrete","Brook Concrete Company provides driveways, patios, repairs and commercial concrete in Norcross, GA. Contact us for a free estimate.",/service-areas/norcross-ga/,"<h1>Concrete Contractor in Norcross, GA</h1>
<p>Norcross, Georgia is a charming, historic city situated just east of Dunwoody in western Gwinnett County. Celebrated for its beautifully preserved downtown historic district, tree-canopied residential avenues, and bustling surrounding commercial corridors, Norcross represents a picturesque blend of classic architecture and modern suburban growth. At Brook Concrete Company, we are proud to serve Norcross homeowners and commercial property owners with exceptional concrete contracting services built on integrity, craftsmanship, and structural durability.</p>
<p>Whether you are restoring the entryway of a historic bungalow near downtown Norcross, replacing an aged driveway in an established subdivision, or managing a commercial facility along Jimmy Carter Boulevard, our seasoned concrete craftsmen bring the right machinery, premium materials, and meticulous attention to detail to every job site. We build concrete flatwork designed to endure Georgia's weather extremes and demanding clay soils for decades to come.</p>
<h2>Residential Concrete Solutions for Norcross Homeowners</h2>
<p>Norcross homeowners take pride in maintaining their homes' aesthetic character and structural safety. At Brook Concrete Company, we offer a comprehensive lineup of residential hardscape services:</p>
<ul>
<li><strong>Custom Entry Steps and Porch Landings:</strong> Building safe, attractive <a href=""/concrete-steps/"">concrete steps</a> that eliminate dangerous settling gaps and comply fully with residential building codes.</li>
<li><strong>Outdoor Living Patios:</strong> Pouring spacious, customized backyard <a href=""/concrete-patios/"">concrete patios</a> featuring brushed textures, smooth trowel borders, or modern decorative stamping.</li>
<li><strong>Driveway Installations and Replacements:</strong> Constructing durable, steel-reinforced driveways that handle heavy daily vehicle traffic while boosting exterior curb appeal.</li>
<li><strong>Front Walkways and Garden Paths:</strong> Designing smooth, slip-resistant pathways that safely connect driveways, porches, and outdoor amenities.</li>
<li><strong>Accessory Building Slabs:</strong> Pouring level concrete foundations for storage sheds, detached garages, workshops, and outdoor kitchen pavilions.</li>
<li><strong>Targeted Concrete Repair and Restoration:</strong> Sealing fractures and leveling sunken slabs through our cost-effective <a href=""/concrete-repair/"">concrete repair</a> services.</li>
</ul>
<h2>Commercial Concrete Services for Norcross Businesses</h2>
<p>Norcross features vibrant commercial corridors, industrial business parks, and bustling retail shopping plazas that require heavy-duty concrete infrastructure. Our commercial division delivers high-strength flatwork engineered to withstand heavy vehicle loading and continuous pedestrian traffic. We pour commercial parking lots, heavy-duty truck loading aprons, reinforced dumpster containment pads, and ADA-compliant pedestrian ramps. We coordinate flexible construction schedules, including early morning and weekend pours, to prevent disruption to your tenants and patrons.</p>
<h2>Navigating Norcross Historic and Municipal Building Guidelines</h2>
<p>Because Norcross takes great care in preserving its historic architectural heritage, certain residential and commercial exterior improvements within historic districts must adhere to specific architectural review guidelines. Furthermore, the <a href=""https://www.norcrossga.gov/"" target=""_blank"" rel=""noopener"">City of Norcross</a> Community Development Department oversees building permits and enforces maximum impervious lot coverage ratios to protect local stormwater drainage. Brook Concrete Company works closely with homeowners to ensure that all project designs respect historic aesthetics while conforming fully to municipal building codes.</p>
<h2>Why Norcross Property Owners Trust Brook Concrete Company</h2>
<p>The secret to our enduring concrete flatwork lies in diligent sub-base preparation. In northern Georgia, native red clay expands during wet seasons and shrinks during summer droughts. Pouring concrete directly over uncompacted soil inevitably results in premature cracking and settlement. At Brook Concrete Company, we excavate down to firm subsoil, install a thick graded aggregate base (GAB), mechanically compact the foundation, and suspend tied steel rebar grids elevated on chairs. Our proven process guarantees that your concrete remains level, stable, and crack-free for decades.</p>
<h2>Our Step-by-Step Construction Process</h2>
<ol>
<li><strong>Complimentary Consultation:</strong> We visit your Norcross property, inspect elevation grades, measure dimensions, and discuss finish options.</li>
<li><strong>Sub-Base Preparation:</strong> We excavate unsuitable topsoil, correct drainage pitch, and compact a dense crushed gravel foundation.</li>
<li><strong>Formwork &amp; Reinforcement:</strong> We erect laser-aligned forms and install tied steel rebar grids elevated on chairs.</li>
<li><strong>Pouring &amp; Surface Finishing:</strong> We pour high-strength ready-mix concrete, screed it flat, and apply your chosen non-slip or decorative finish.</li>
<li><strong>Joint Cutting, Curing &amp; Cleanup:</strong> We cut precision contraction joints, apply protective curing sealants, and leave your job site spotless.</li>
</ol>
<h2>Frequently Asked Questions</h2>
<h3>Can you pour new concrete steps that match the historic character of our home?</h3>
<p>Yes. We can customize concrete step finishes with rounded bullnose edges, smooth-troweled risers, or subtle earth-toned integral stains that complement historic brickwork and period architecture.</p>
<h3>How long does a concrete patio project take to complete?</h3>
<p>Most residential patio installations require two to three days on-site for excavation, forming, pouring, and finishing, followed by a 24-to-48-hour curing period before light foot traffic can resume.</p>
<h2>Schedule Your Free Norcross Concrete Estimate</h2>
<p>Enhance the safety, functionality, and beauty of your Norcross home or business. Contact Brook Concrete Company today to schedule your complimentary consultation and written proposal!</p>",concrete steps,/concrete-steps/,concrete patios,/concrete-patios/,concrete repair,/concrete-repair/,City of Norcross,https://www.norcrossga.gov/
"Concrete Contractor in Roswell, GA","Concrete Contractor in Roswell, GA | Brook Concrete","Brook Concrete Company provides driveways, patios, repairs and commercial concrete in Roswell, GA. Contact us for a free estimate.",/service-areas/roswell-ga/,"<h1>Concrete Contractor in Roswell, GA</h1>
<p>Just across the Chattahoochee River from Dunwoody, Roswell, Georgia is a historic, picturesque city renowned for its stately Southern estates, vibrant Canton Street dining district, and sprawling residential properties nestled among rolling hills. At Brook Concrete Company, we are proud to provide homeowners and commercial property owners throughout Roswell with premier concrete contracting services. Whether you own an established home in Martin's Landing, a private property along Riverside Road, or manage a commercial facility along Highway 9, our seasoned concrete craftsmen deliver durable, precision-engineered flatwork built to last.</p>
<p>Roswell properties often feature expansive yards, mature hardwoods, and dramatic topography. These rolling landscapes provide gorgeous scenery, but they also introduce distinct challenges: steep driveway inclines, heavy water runoff during Georgia thunderstorms, and tree root intrusion. Our experienced team combines structural engineering expertise with refined decorative design, ensuring your hardscapes not only look stunning but withstand the test of time.</p>
<h2>Residential Concrete Solutions for Roswell Homeowners</h2>
<p>Roswell homeowners take tremendous pride in their outdoor living environments and exterior curb appeal. At Brook Concrete Company, we deliver an extensive array of residential concrete services tailored to your lifestyle:</p>
<ul>
<li><strong>Custom Outdoor Living Patios:</strong> Creating spacious backyard venues featuring smooth trowel borders, brushed textures, or multi-tone <a href=""/stamped-concrete/"">stamped concrete</a> patterns that replicate slate, flagstone, or brick.</li>
<li><strong>Luxury Swimming Pool Decks:</strong> Pouring slip-resistant, cool-touch <a href=""/concrete-pool-decks/"">concrete pool decks</a> that provide safe, comfortable barefoot lounging around inground pools.</li>
<li><strong>Poured Concrete Retaining Walls:</strong> Engineering robust concrete <a href=""/concrete-retaining-walls/"">retaining walls</a> to control hillside erosion, manage yard drainage, and carve out expansive, level lawn terraces.</li>
<li><strong>High-Strength Driveways:</strong> Installing and replacing residential driveways engineered with heavy gravel bases and rebar reinforcement to support heavy passenger vehicles and trucks.</li>
<li><strong>Front Entry Walkways:</strong> Designing smooth, slip-resistant pathways connecting driveways, front porches, and garden terraces.</li>
<li><strong>Accessory Outbuilding Slabs:</strong> Pouring level, vapor-retarded concrete foundations for storage sheds, detached garages, workshops, and outdoor kitchen pavilions.</li>
</ul>
<h2>Commercial Concrete Flatwork for Roswell Facilities</h2>
<p>Roswell features thriving commercial centers, retail shopping plazas, medical facilities, and corporate office parks that require dependable concrete flatwork. Our commercial division delivers heavy-duty flatwork engineered to withstand heavy vehicle loading and continuous pedestrian traffic. We pour commercial parking lots, heavy-duty truck loading aprons, reinforced dumpster containment pads, and ADA-compliant pedestrian ramps. We coordinate flexible construction schedules, including early morning and weekend pours, to prevent disruption to your tenants and patrons.</p>
<h2>Navigating City of Roswell Permitting and Environmental Codes</h2>
<p>Due to Roswell's proximity to the Chattahoochee River watershed and its emphasis on environmental conservation, the municipality enforces strict regulations regarding land disturbance, stormwater management, and impervious surface limits. The <a href=""https://www.roswellgov.com/"" target=""_blank"" rel=""noopener"">City of Roswell</a> Community Development Department reviews building permit applications to ensure that new driveways, retaining walls, and large patios do not overwhelm local storm sewer systems or violate stream buffer zones. Brook Concrete Company works closely with homeowners to ensure all project layouts comply fully with local environmental guidelines and municipal building codes.</p>
<h2>Why Roswell Property Owners Choose Brook Concrete Company</h2>
<p>The secret to our enduring concrete flatwork lies in diligent sub-base preparation. In northern Georgia, native red clay expands during wet seasons and shrinks during summer droughts. Pouring concrete directly over uncompacted soil inevitably results in premature cracking and settlement. At Brook Concrete Company, we excavate down to firm subsoil, install a thick graded aggregate base (GAB), mechanically compact the foundation, and suspend tied steel rebar grids elevated on chairs. Our proven process guarantees that your concrete remains level, stable, and crack-free for decades.</p>
<h2>Our Step-by-Step Construction Process</h2>
<ol>
<li><strong>Complimentary Consultation:</strong> We visit your Roswell property, inspect elevation grades, measure dimensions, and discuss finish options.</li>
<li><strong>Sub-Base Preparation:</strong> We excavate unsuitable topsoil, correct drainage pitch, and compact a dense crushed gravel foundation.</li>
<li><strong>Formwork &amp; Reinforcement:</strong> We erect laser-aligned forms and install tied steel rebar grids elevated on chairs.</li>
<li><strong>Pouring &amp; Surface Finishing:</strong> We pour high-strength ready-mix concrete, screed it flat, and apply your chosen non-slip or decorative finish.</li>
<li><strong>Joint Cutting, Curing &amp; Cleanup:</strong> We cut precision contraction joints, apply protective curing sealants, and leave your job site spotless.</li>
</ol>
<h2>Frequently Asked Questions</h2>
<h3>Can a poured concrete retaining wall be finished with decorative textures?</h3>
<p>Yes. We can incorporate specialized form liners that impart realistic stacked stone or chiseled granite textures directly into the vertical concrete face, creating an attractive landscape feature.</p>
<h3>How do you handle steep driveway slopes in Roswell?</h3>
<p>We use high-traction coarse broom finishes, specialized transitional slope transitions, and strategic drainage swales to ensure vehicles can safely navigate steep approaches in all weather.</p>
<h2>Schedule Your Free Roswell Concrete Estimate</h2>
<p>Elevate your Roswell property with superior concrete craftsmanship from Brook Concrete Company. Contact us today to schedule your complimentary consultation and written proposal!</p>",stamped concrete,/stamped-concrete/,concrete pool decks,/concrete-pool-decks/,retaining walls,/concrete-retaining-walls/,City of Roswell,https://www.roswellgov.com/
"Concrete Contractor in Johns Creek, GA","Concrete Contractor in Johns Creek, GA | Brook Concrete","Brook Concrete Company provides driveways, patios, repairs and commercial concrete in Johns Creek, GA. Contact us for a free estimate.",/service-areas/johns-creek-ga/,"<h1>Concrete Contractor in Johns Creek, GA</h1>
<p>Johns Creek, Georgia is one of the premier master-planned residential communities in the northern Atlanta metropolitan area. Celebrated for its tranquil gated subdivisions, world-class golf communities like St Ives and Country Club of the South, and exceptional public parks, Johns Creek demands the highest standards of architectural elegance and construction quality. At Brook Concrete Company, we are proud to serve as Johns Creek's trusted concrete contractor, providing custom residential hardscapes and commercial concrete solutions engineered for lasting performance.</p>
<p>Properties throughout Johns Creek typically feature generous lot sizes, upscale exterior architecture, and active Homeowners Associations (HOAs) with strict design guidelines. Whether you are installing a custom stamped patio, building an elegant circular driveway, or pouring a structural slab for a detached outbuilding, our seasoned craftsmen bring unmatched craftsmanship, premium materials, and meticulous job site cleanliness to every project.</p>
<h2>Residential Concrete Solutions for Johns Creek Homeowners</h2>
<p>Johns Creek homeowners prioritize outdoor living, entertaining, and curb appeal. At Brook Concrete Company, we deliver bespoke residential concrete flatwork tailored to your home's unique aesthetic:</p>
<ul>
<li><strong>Custom Architectural Finishes:</strong> Transforming standard flatwork through our premium <a href=""/decorative-concrete/"">decorative concrete</a> options, including integral color admixtures, saw-cut tile grids, and exposed river rock aggregate.</li>
<li><strong>Luxury Swimming Pool Decks:</strong> Designing cool-touch, slip-resistant <a href=""/concrete-pool-decks/"">stamped pool decks</a> that mimic Italian slate or Roman cobblestone, creating an upscale resort atmosphere in your backyard.</li>
<li><strong>Safe Pedestrian Pathways:</strong> Constructing elegant front entry sidewalks and meandering garden <a href=""/concrete-walkways/"">concrete walkways</a> that connect driveways, porches, and outdoor pavilions.</li>
<li><strong>High-Strength Driveways:</strong> Installing and replacing residential driveways engineered with heavy gravel bases and rebar reinforcement to support passenger cars, SUVs, and service vehicles.</li>
<li><strong>Outdoor Kitchen and Living Slabs:</strong> Pouring reinforced, level concrete pads designed to support heavy stone fire pits, outdoor kitchen islands, and covered pavilions.</li>
<li><strong>Terraced Retaining Walls:</strong> Building poured concrete retaining walls to manage sloping terrain, prevent soil erosion, and create usable yard terraces.</li>
</ul>
<h2>Commercial Concrete Flatwork for Johns Creek Facilities</h2>
<p>Johns Creek is home to premier healthcare facilities, corporate offices along Medlock Bridge Road, and upscale shopping plazas that require high-performance concrete flatwork. Our commercial division delivers heavy-duty installations designed to meet commercial load demands and strict ADA accessibility standards. We pour commercial parking lots, delivery loading pads, commercial sidewalks, and curb cuts designed to meet municipal specifications. We coordinate flexible construction schedules, including early morning and weekend pours, to limit operational disruptions for your tenants and patrons.</p>
<h2>Navigating Johns Creek Permitting and HOA Design Reviews</h2>
<p>Almost all residential properties in Johns Creek fall under the jurisdiction of strict HOA architectural review committees, as well as municipal building ordinances enforced by the <a href=""https://www.johnscreekga.gov/"" target=""_blank"" rel=""noopener"">City of Johns Creek</a>. The city monitors land disturbance permits, tree canopy protection, and maximum impervious surface ratios to protect local stormwater drainage basins. Brook Concrete Company works closely with homeowners to provide detailed project plans, color samples, and structural specifications, ensuring fast HOA approval and seamless municipal permit issuance.</p>
<h2>Why Johns Creek Property Owners Choose Brook Concrete Company</h2>
<p>The secret to our enduring concrete flatwork lies in diligent sub-base preparation. In northern Georgia, native red clay expands during wet seasons and shrinks during summer droughts. Pouring concrete directly over uncompacted soil inevitably results in premature cracking and settlement. At Brook Concrete Company, we excavate down to firm subsoil, install a thick graded aggregate base (GAB), mechanically compact the foundation, and suspend tied steel rebar grids elevated on chairs. Our proven process guarantees that your concrete remains level, stable, and crack-free for decades.</p>
<h2>Our Step-by-Step Construction Process</h2>
<ol>
<li><strong>Complimentary Consultation:</strong> We visit your Johns Creek property, inspect elevation grades, measure dimensions, and discuss finish options.</li>
<li><strong>Sub-Base Preparation:</strong> We excavate unsuitable topsoil, correct drainage pitch, and compact a dense crushed gravel foundation.</li>
<li><strong>Formwork &amp; Reinforcement:</strong> We erect laser-aligned forms and install tied steel rebar grids elevated on chairs.</li>
<li><strong>Pouring &amp; Surface Finishing:</strong> We pour high-strength ready-mix concrete, screed it flat, and apply your chosen non-slip or decorative finish.</li>
<li><strong>Joint Cutting, Curing &amp; Cleanup:</strong> We cut precision contraction joints, apply protective curing sealants, and leave your job site spotless.</li>
</ol>
<h2>Frequently Asked Questions</h2>
<h3>Can you match our HOA's approved concrete color palette?</h3>
<p>Yes. We provide comprehensive physical color charts and sample mockups to ensure your new driveway or patio perfectly satisfies your HOA's architectural guidelines.</p>
<h3>How do you protect pool coping when replacing an adjacent pool deck?</h3>
<p>Our crews use specialized precision saws and hand-demolition tools to isolate and protect pool coping stones, skimmer boxes, and tile bands, ensuring zero damage occurs to existing pool components.</p>
<h2>Schedule Your Free Johns Creek Concrete Estimate</h2>
<p>Elevate your Johns Creek property with superior concrete craftsmanship from Brook Concrete Company. Contact us today to schedule your complimentary consultation and written proposal!</p>",decorative concrete,/decorative-concrete/,stamped pool decks,/concrete-pool-decks/,concrete walkways,/concrete-walkways/,City of Johns Creek,https://www.johnscreekga.gov/
"How Much Does a Concrete Driveway Cost in Dunwoody, GA?","Concrete Driveway Cost in Dunwoody, GA | Brook Concrete","Wondering what a concrete driveway costs in Dunwoody, GA? See the factors that affect price and how to compare estimates.",/blog/concrete-driveway-cost/,"<h1>How Much Does a Concrete Driveway Cost in Dunwoody, GA?</h1>
<p>Investing in a new concrete driveway is one of the most effective ways to boost your home's curb appeal, enhance everyday functionality, and increase resale value. However, one of the first questions every Dunwoody homeowner asks is: ""How much does a concrete driveway actually cost?"" While online pricing calculators often quote generic figures, the reality is that every property has unique topographical contours, soil conditions, and design specifications that influence total costs. In this comprehensive guide, Brook Concrete Company breaks down all the primary factors that determine driveway pricing in Dunwoody, GA, helping you make an informed investment decision. To learn more about our installation process, visit our <a href=""/concrete-driveways/"">concrete driveways</a> service page.</p>
<h2>Key Factors That Dictate Concrete Driveway Pricing</h2>
<p>The total investment for a concrete driveway involves much more than simply multiplying square footage by a flat material rate. Professional contractors must evaluate numerous critical variables:</p>
<ul>
<li><strong>Driveway Dimensions and Thickness:</strong> Total surface area determines concrete volume. Standard residential driveways are poured 4 inches thick. However, if you park heavy commercial work vans, large SUVs, or RVs, increasing the slab thickness to 5 or 6 inches increases material costs but provides vital structural protection against cracking.</li>
<li><strong>Subgrade Demolition and Haul-Away:</strong> If you are replacing an existing failing slab rather than building on new ground, demolition costs must be factored in. Complete <a href=""/concrete-driveway-replacement/"">concrete driveway replacement</a> involves heavy hydraulic machinery, labor, hauling, and local landfill recycling fees.</li>
<li><strong>Sub-Base Excavation and Stone Compaction:</strong> Georgia's native red clay requires an aggregate base to prevent settlement. Installing and mechanically compacting a 4-to-6-inch layer of crushed granite aggregate (GAB) adds upfront expense but protects against premature failure.</li>
<li><strong>Internal Reinforcement:</strong> Plain concrete has high compressive strength but relatively low tensile strength. Incorporating grid-tied steel rebar or welded wire mesh elevated on chairs increases longevity and prevents slabs from separating if hairline shrinkage occurs.</li>
<li><strong>Surface Finish and Decorative Upgrades:</strong> A standard non-slip broom finish is the most cost-effective option. Upgrading to integral color pigments, smooth troweled picture-frame borders, or full decorative <a href=""/stamped-concrete/"">stamped concrete</a> involves specialized stamping mats, antique release agents, and multiple protective seal coats, which increase labor and material costs.</li>
<li><strong>Site Grading, Slope, and Drainage:</strong> Sloped Dunwoody lots require careful grading to prevent water from rushing into garages. Installing catch basins, French drains, or trench grates impacts project pricing.</li>
</ul>
<h2>Why Cheap Estimates Often Cost More in the Long Run</h2>
<p>When collecting quotes from local concrete contractors, you will inevitably encounter bids that seem significantly lower than the rest. It is critical to understand how cut-rate contractors achieve those lower prices. Common shortcuts include pouring concrete directly over uncompacted soil, skipping crushed stone bases, reducing slab thickness to 3 inches, omitting steel reinforcement, and watering down the concrete mix to make it easier to rake. While these shortcuts lower the initial price, they inevitably lead to severe alligator cracking, sunken panels, and complete driveway failure within two to three years. Paying for proper engineering upfront costs far less than paying for early demolition and replacement.</p>
<h2>Essential Questions to Ask Before Hiring a Concrete Contractor</h2>
<p>To ensure you are comparing contractor bids on an equal, transparent footing, always ask prospective contractors these vital questions:</p>
<ul>
<li>What compressive strength (PSI) ready-mix concrete is included in your proposal?</li>
<li>What type of base material will be installed, and how will it be compacted?</li>
<li>Is steel rebar reinforcement included, and will it be elevated on chairs during the pour?</li>
<li>Where will control joints be placed, and how deep will they be cut?</li>
<li>What curing compound or sealing method will be applied after finishing?</li>
</ul>
<p>Our installation and quality assurance protocols strictly follow established industry best practices outlined by the <a href=""https://www.cement.org/"" target=""_blank"" rel=""noopener"">Portland Cement Association</a>.</p>
<h2>Frequently Asked Questions</h2>
<h3>What is the typical lifespan of a concrete driveway in Georgia?</h3>
<p>A professionally engineered concrete driveway installed with a compacted stone base and proper rebar reinforcement will easily last 30 to 40 years or more with basic maintenance and periodic joint sealing.</p>
<h3>How soon can I park on my new concrete driveway?</h3>
<p>Light foot traffic is safe after 24 to 48 hours. Passenger vehicles should remain off the slab for at least 7 days to allow the concrete to reach approximately 70% of its full design strength.</p>
<h2>Schedule Your Free Dunwoody Driveway Estimate</h2>
<p>Get an accurate, transparent, and comprehensive written estimate for your driveway project. Contact Brook Concrete Company today to schedule your complimentary on-site consultation in Dunwoody, GA!</p>",concrete driveways,/concrete-driveways/,stamped concrete,/stamped-concrete/,concrete driveway replacement,/concrete-driveway-replacement/,Portland Cement Association,https://www.cement.org/
Concrete Driveway Replacement vs. Repair: Which Is Right for You?,Driveway Replacement vs. Repair | Brook Concrete,"Is it time to repair or replace your concrete driveway? Learn the signs, options and costs to weigh before you decide.",/blog/driveway-repair-vs-replacement/,"<h1>Concrete Driveway Replacement vs. Repair: Which Is Right for You?</h1>
<p>When your residential concrete driveway begins to show signs of aging, wear, and structural distress, homeowners face a critical decision: should you invest in targeted repairs, or is it time for complete replacement? Making the right choice requires understanding the underlying cause of the damage, evaluating long-term financial value, and recognizing whether surface blemishes reflect isolated cosmetic issues or deep subgrade failure. In this comprehensive guide, Brook Concrete Company explains how to diagnose driveway damage so you can make the smartest, most cost-effective decision for your Dunwoody home.</p>
<p>For minor issues, our targeted <a href=""/concrete-repair/"">concrete repair</a> services provide an economical remedy. However, when the foundation beneath your driveway has deteriorated, full <a href=""/concrete-driveway-replacement/"">concrete driveway replacement</a> is the only permanent solution. Let us examine how to evaluate your driveway's condition.</p>
<h2>When Targeted Concrete Repair Is the Smart Choice</h2>
<p>Targeted repairs are ideal when damage is localized, minor, and the underlying aggregate sub-base remains solid and stable. You should consider repair when:</p>
<ul>
<li><strong>Cracks Are Less Than 1/4 Inch Wide:</strong> Thin, hairline cracks that do not exhibit vertical displacement (where one side is higher than the other) can be cleaned and filled with commercial-grade polyurethane or polyurea joint sealants.</li>
<li><strong>Damage Is Confined to a Small Area:</strong> If 90% of your driveway is in excellent condition and only a single corner or isolated edge is chipped, localized patching makes sound economic sense.</li>
<li><strong>Control Joint Deterioration:</strong> Chipping along saw-cut expansion joints can often be rebuilt using polymer-modified repair mortars without disturbing the surrounding slabs.</li>
<li><strong>Minor Surface Staining:</strong> Oil spots, tire marks, or mild efflorescence can typically be removed through professional pressure washing, chemical degreasers, or light decorative staining.</li>
</ul>
<h2>When Complete Driveway Replacement Is Necessary</h2>
<p>Attempting to patch a severely compromised driveway is a waste of money. If underlying soils have settled or washed away, surface patches will crack and fail within months. Replacement is the only viable option when:</p>
<ul>
<li><strong>Widespread Spiderweb or Alligator Cracking:</strong> Extensive, interconnected fractures spanning multiple slabs indicate deep structural subgrade collapse that cannot be patched.</li>
<li><strong>Sunken, Heaved, or Uneven Panels:</strong> Slabs that have settled several inches create severe trip hazards and vehicle undercarriage scrapes, pointing to subgrade washout or massive tree root displacement.</li>
<li><strong>Severe Surface Spalling and Delamination:</strong> When the top layer of concrete has completely flaked away, exposing rough coarse aggregate across wide sections, the concrete matrix itself has lost integrity.</li>
<li><strong>Water Pooling Toward the Home:</strong> If settlement has reversed the driveway's original pitch, causing stormwater to flow into your garage or foundation, complete regrading and replacement is mandatory.</li>
<li><strong>Driveway Age Over 30 Years:</strong> Concrete naturally reaches the end of its design lifespan after three decades of heavy vehicle loading and seasonal thermal cycling.</li>
</ul>
<h2>The Middle Ground: When Is Concrete Resurfacing Viable?</h2>
<p>Homeowners often ask about a middle-tier solution: <a href=""/concrete-resurfacing/"">concrete resurfacing</a>. Resurfacing involves applying a polymer-modified cement overlay over an existing slab to create a pristine, brand-new appearance. Resurfacing is an excellent option if your concrete is structurally sound—free of deep settling cracks or subgrade failure—but suffers from widespread cosmetic pitting, discoloration, or rough surface wear. However, resurfacing an unstable slab is not recommended because existing cracks will quickly reflect right through the new overlay.</p>
<h2>Comparing Upfront Costs vs. Long-Term Lifespan</h2>
<p>While targeted repairs have a lower upfront price tag, continuing to patch a crumbling driveway year after year results in escalating maintenance expenses and diminishing visual appeal. Complete replacement requires a larger initial investment, but it resets the clock entirely. A brand-new driveway poured with proper crushed stone compaction and steel rebar reinforcement provides 30 to 40 years of maintenance-free performance, significantly elevating your home's exterior curb appeal and resale value.</p>
<p>Our structural evaluation techniques and repair methodologies align strictly with guidelines published by the <a href=""https://www.concrete.org/"" target=""_blank"" rel=""noopener"">American Concrete Institute</a>.</p>
<h2>Frequently Asked Questions</h2>
<h3>Can sunken driveway slabs simply be lifted with polyurethane foam?</h3>
<p>Polyurethane foam jacking can temporarily level small slabs. However, if the underlying concrete is already heavily fractured or the subgrade continues to erode, lifting does not fix the broken concrete and replacement is required.</p>
<h3>How long does a full driveway replacement take?</h3>
<p>Most residential replacements take two to three working days for demolition, base compaction, forming, and pouring, followed by a 7-day curing window before passenger vehicles can drive on the surface.</p>
<h2>Get an Honest Professional Driveway Assessment</h2>
<p>Not sure whether your driveway needs a simple repair or a full replacement? Contact Brook Concrete Company today to schedule a complimentary on-site inspection and written estimate in Dunwoody, GA!</p>",concrete repair,/concrete-repair/,concrete driveway replacement,/concrete-driveway-replacement/,concrete resurfacing,/concrete-resurfacing/,American Concrete Institute,https://www.concrete.org/
Stamped Concrete vs. Pavers: Pros and Cons,Stamped Concrete vs. Pavers: Pros & Cons | Brook Concrete,"Comparing stamped concrete and pavers for your patio or driveway? See how they differ in look, durability and upkeep.",/blog/stamped-concrete-vs-pavers/,"<h1>Stamped Concrete vs. Pavers: Pros and Cons</h1>
<p>When planning a major hardscape upgrade—whether a backyard entertainment patio, front walkway, or driveway—homeowners frequently find themselves debating between two premier materials: stamped concrete and interlocking pavers. Both options deliver sophisticated aesthetic appeal, rich color variations, and significant curb appeal compared to plain gray flatwork. However, they differ substantially in installation techniques, structural longevity, ongoing maintenance demands, and long-term costs. In this comprehensive comparison, Brook Concrete Company outlines the distinct pros and cons of each material to help you choose the best solution for your Dunwoody property. For detailed specifications on our decorative services, visit our <a href=""/stamped-concrete/"">stamped concrete</a> page.</p>
<h2>Understanding Stamped Concrete: Seamless Architectural Beauty</h2>
<p>Stamped concrete is a continuous, poured monolithic concrete slab that is infused with integral color pigments and imprinted with specialized texturing mats while still plastic. This process creates realistic textures and grout lines mimicking natural flagstone, slate, cobblestone, or brick. Here are its primary advantages and considerations:</p>
<ul>
<li><strong>Continuous Monolithic Surface:</strong> Because stamped concrete is poured as a single reinforced slab, there are no individual sand-filled joints between stones. This means weeds, moss, and grass cannot sprout up between pattern impressions.</li>
<li><strong>Superior Structural Stability in Clay Soils:</strong> North Georgia's expansive red clay shifts with moisture changes. Individual pavers frequently heave and sink independently, creating uneven trip ledges. Stamped concrete slabs distribute weight across a wide footprint, preventing localized settlement.</li>
<li><strong>Faster Installation Time:</strong> Pouring and stamping an expansive backyard <a href=""/concrete-patios/"">concrete patio</a> typically takes only two to three days, whereas hand-laying thousands of individual pavers can require a week or more of intensive labor.</li>
<li><strong>Lower Upfront Investment:</strong> Stamped concrete generally costs 20% to 40% less per square foot to install than high-end natural stone or interlocking pavers due to reduced manual labor.</li>
<li><strong>Maintenance Requirements:</strong> Stamped concrete requires periodic application of a protective acrylic clear coat every two to three years to maintain color vibrancy and protect against surface abrasion.</li>
</ul>
<h2>Understanding Interlocking Pavers: Modular Versatility</h2>
<p>Interlocking pavers consist of individual pre-cast concrete or clay brick units laid over a bedding sand layer and compacted aggregate base. Here are the main characteristics of paver systems:</p>
<ul>
<li><strong>Modular Repairability:</strong> The primary advantage of pavers is that individual damaged or stained blocks can be pulled up and replaced without tearing out the surrounding area.</li>
<li><strong>Immediate Usability:</strong> Paver installations do not require a chemical curing period; you can walk or drive on them immediately upon completion.</li>
<li><strong>Joint Sand Maintenance:</strong> Pavers rely on polymeric sand between joints to stay locked together. Rain and pressure washing gradually wash this sand away, requiring periodic re-sanding to prevent weed growth and shifting.</li>
<li><strong>Susceptibility to Uneven Settling:</strong> If water erodes the sand bedding layer beneath pavers, individual blocks will sink or tilt, creating dangerous trip hazards that require manual re-leveling.</li>
</ul>
<h2>Comparing Applications: Patios, Driveways, and Pool Surrounds</h2>
<p>Both materials perform well across diverse hardscape environments, but each has specific areas of excellence. For a custom backyard patio, stamped concrete offers unlimited artistic flexibility, allowing for sweeping organic curves and integrated seat walls. Around a <a href=""/concrete-pool-decks/"">concrete pool deck</a>, stamped concrete treated with non-slip polymer additives provides a seamless, barefoot-friendly surface that prevents toe-stubbing and eliminates weed growth in wet environments.</p>
<h2>Evaluating Long-Term Value and Return on Investment</h2>
<p>While pavers offer modular repair benefits, their higher initial installation cost and ongoing joint maintenance requirements often make them more expensive over a ten-year horizon. Stamped concrete delivers the luxurious appearance of natural masonry at a substantially lower cost per square foot, providing an exceptional return on investment for homeowners seeking maximum aesthetic impact within budget.</p>
<p>Our decorative installations adhere strictly to technical standards established by the <a href=""https://www.ascconline.org/"" target=""_blank"" rel=""noopener"">American Society of Concrete Contractors</a>, ensuring your hardscape achieves lasting beauty and structural excellence.</p>
<h2>Frequently Asked Questions</h2>
<h3>Does stamped concrete crack over time?</h3>
<p>All concrete naturally shrinks as it cures. However, by cutting control joints strategically along stamp pattern lines, any microscopic shrinkage is concealed within the grout joints, keeping the surface looking seamless.</p>
<h3>Can stamped concrete be sealed with a slip-resistant finish?</h3>
<p>Yes. For pool decks, steps, and walkways, we blend clear polymer anti-skid additives directly into the topcoat sealer, providing safe traction even when wet.</p>
<h2>Schedule Your Free Decorative Hardscape Consultation</h2>
<p>Discover how custom stamped concrete can transform your outdoor living space. Contact Brook Concrete Company today to schedule your complimentary design consultation and estimate in Dunwoody, GA!</p>",stamped concrete,/stamped-concrete/,concrete patio,/concrete-patios/,concrete pool deck,/concrete-pool-decks/,American Society of Concrete Contractors,https://www.ascconline.org/
How Much Does a Concrete Patio Cost?,How Much Does a Concrete Patio Cost? | Brook Concrete,"Planning a concrete patio in Dunwoody, GA? Learn what affects patio cost, from size and finish to site preparation.",/blog/concrete-patio-cost/,"<h1>How Much Does a Concrete Patio Cost in Dunwoody, GA?</h1>
<p>A custom concrete patio is one of the most rewarding home additions you can build, transforming an underutilized backyard into a vibrant outdoor living retreat for family dinners, weekend barbecues, and relaxation. However, before breaking ground, homeowners naturally want to understand the financial investment involved: ""How much does a concrete patio cost in Dunwoody, GA?"" Because every backyard features unique slope contours, soil conditions, and architectural preferences, pricing varies based on specific project parameters. In this comprehensive guide, Brook Concrete Company breaks down all the primary cost components to help you plan your hardscape budget with confidence. To explore our design capabilities, visit our dedicated <a href=""/concrete-patios/"">concrete patios</a> page.</p>
<h2>Primary Factors That Determine Concrete Patio Pricing</h2>
<p>Calculating the true cost of a concrete patio involves analyzing several core project variables:</p>
<ul>
<li><strong>Patio Dimensions and Geometry:</strong> Total square footage dictates raw concrete volume and finishing labor. However, geometry also plays a major role: standard rectangular or square layouts are the most economical to form, whereas flowing organic curves, radius corners, and multi-tier terraced levels require specialized flexible formwork and extra labor.</li>
<li><strong>Site Excavation, Grading, and Soil Stabilization:</strong> Dunwoody backyards frequently feature sloped topography and dense Georgia red clay. Proper patio construction requires excavating organic sod, grading the subsoil to ensure proper stormwater drainage away from your home, and installing a compacted crushed granite aggregate base (GAB) to prevent settling.</li>
<li><strong>Slab Thickness and Internal Reinforcement:</strong> Standard residential patios are poured 4 inches thick. However, if your design includes heavy amenities like outdoor stone fireplaces, brick pizza ovens, masonry kitchen islands, or a hot tub, dedicated zones must be poured 6 inches thick with heavy steel rebar grids.</li>
<li><strong>Decorative Finish Upgrades:</strong> A standard non-slip broom finish is the most budget-friendly option. Upgrading to hand-tooled smooth borders, integral coloring, or multi-tone <a href=""/stamped-concrete/"">stamped concrete</a> patterns mimicking natural slate or flagstone involves specialized materials, antiquing release agents, and multiple protective seal coats.</li>
<li><strong>Accessibility and Job Site Logistics:</strong> If your backyard allows easy access for concrete mixer trucks, pouring proceeds quickly. If access is restricted by narrow fence gates, steep slopes, or dense landscaping, concrete must be transported using motorized power buggies or specialized concrete line pumps, which introduces equipment fees.</li>
</ul>
<h2>Exploring Decorative Finishes and Budget Tiers</h2>
<p>To help you align your vision with your budget, our <a href=""/decorative-concrete/"">decorative concrete</a> options generally fall into three architectural tiers:</p>
<ul>
<li><strong>Basic Utility Tier:</strong> Clean, functional flatwork featuring a traditional brushed broom finish, hand-tooled control joints, and clean picture-frame borders. Ideal for budget-conscious homeowners prioritizing durability and slip resistance.</li>
<li><strong>Mid-Range Decorative Tier:</strong> Infusing the concrete mix with integral earth-tone pigments, combined with acid-stained accents, saw-cut modern geometric tile patterns, or exposed river stone aggregate.</li>
<li><strong>High-End Custom Tier:</strong> Multi-tone stamped concrete featuring authentic slate, ashlar stone, or European cobblestone textures, custom seat walls, integrated fire pit pads, and tiered step transitions.</li>
</ul>
<h2>Why Professional Base Preparation Protects Your Investment</h2>
<p>When comparing estimates from local contractors, be wary of bids that are drastically lower than competitors. Cut-rate contractors frequently cut corners by pouring concrete directly over uncompacted grass, omitting gravel bases, and skipping steel reinforcement. In Georgia's expansive clay soil, a patio poured without proper base preparation will inevitably shift, crack, and collect standing water within one to two seasons. Investing in proper excavation, compaction, and steel reinforcement upfront guarantees your patio remains flat, level, and beautiful for decades.</p>
<p>Our material formulations and installation methods adhere strictly to guidelines established by the <a href=""https://www.cement.org/"" target=""_blank"" rel=""noopener"">Portland Cement Association</a>.</p>
<h2>Frequently Asked Questions</h2>
<h3>How long does a concrete patio installation take?</h3>
<p>Most residential patio installations require two to three days on-site for excavation, forming, pouring, and finishing, followed by a 24-to-48-hour curing period before light foot traffic can resume.</p>
<h3>Can a new patio be tied into my existing concrete?</h3>
<p>Yes. We can expand existing patios by installing expansion joints and drilling steel dowels into the existing concrete to securely tie the sections together while allowing necessary thermal movement.</p>
<h2>Schedule Your Free Dunwoody Patio Estimate</h2>
<p>Ready to bring your dream outdoor living space to life? Contact Brook Concrete Company today to schedule your complimentary on-site consultation and written proposal in Dunwoody, GA!</p>",concrete patios,/concrete-patios/,stamped concrete,/stamped-concrete/,decorative concrete,/decorative-concrete/,Portland Cement Association,https://www.cement.org/
How Long Does Concrete Take to Cure?,How Long Does Concrete Take to Cure? | Brook Concrete,"Learn how long concrete takes to set and cure, and when it is safe to walk or drive on a new driveway, slab or patio.",/blog/concrete-curing-time/,"<h1>How Long Does Concrete Take to Cure?</h1>
<p>Whether you have recently poured a brand-new driveway, installed a custom backyard patio, or laid a structural foundation slab, one of the most critical questions you face is: ""How long does concrete take to cure?"" Understanding the curing process is essential because using your new concrete surface too early can lead to permanent structural cracking, surface scarring, and reduced lifespan. In this comprehensive guide, Brook Concrete Company explains the science behind concrete curing, provides clear timelines for foot and vehicle traffic, and highlights essential protection tips for your new installation. For more on proper driveway installation, visit our <a href=""/concrete-driveways/"">concrete driveway</a> service page.</p>
<h2>The Critical Difference Between ""Setting"" and ""Curing""</h2>
<p>Many homeowners confuse concrete ""setting"" with concrete ""curing,"" assuming that as soon as the surface feels hard to the touch, the job is complete. However, these two terms represent completely different physical and chemical processes:</p>
<ul>
<li><strong>Initial Setting:</strong> This is the initial hardening phase that occurs within the first 4 to 12 hours after pouring. During this window, liquid concrete stiffens into a solid mass as cement begins reacting with water, reaching a state where it can support light touch without leaving an impression.</li>
<li><strong>Chemical Curing (Hydration):</strong> Curing is not simply ""drying out."" In fact, concrete does not harden by drying—it hardens through a continuous chemical reaction called <em>hydration</em>, in which cement particles bond with water molecules to form microscopic crystals that lock aggregate stones and sand into a rock-solid matrix. Full design compressive strength is reached at 28 days.</li>
</ul>
<h2>Standard Timelines: When Can You Walk and Drive on New Concrete?</h2>
<p>While every pour is influenced by ambient weather conditions, here is the standard industry timeline for new concrete flatwork:</p>
<ul>
<li><strong>24 to 48 Hours:</strong> Initial set is complete. The surface can safely handle light human foot traffic. Keep pets, bicycles, and heavy garden tools off the surface during this time to avoid scratching the tender finish.</li>
<li><strong>7 Days (70% Design Strength):</strong> The concrete has reached approximately 70% of its full compressive strength. It is now safe for standard passenger cars, minivans, and small SUVs to drive and park on the surface.</li>
<li><strong>28 Days (100% Full Design Strength):</strong> The slab has achieved its full design strength (typically 3,500 to 4,500+ PSI). It can now safely support heavy delivery trucks, RVs, dumpster roll-offs, and intensive structural framing loads on a new <a href=""/concrete-slabs/"">concrete slab</a>.</li>
</ul>
<h2>How North Georgia Weather Influences Curing Rates</h2>
<p>Temperature, humidity, and wind play massive roles in the hydration process. In hot, humid Dunwoody summers, surface water can evaporate too quickly before cement particles hydrate, leading to weak surface paste and hairline plastic shrinkage cracking. Our crews apply specialized liquid membrane curing compounds to trap vital moisture inside the slab. Conversely, during cold winter months, hydration slows dramatically. When temperatures dip near freezing, concrete must be protected with thermal curing blankets to prevent water from freezing inside the pores.</p>
<h2>Common Curing Mistakes to Avoid</h2>
<p>To ensure your new concrete achieves its maximum design strength, avoid these critical mistakes during the first month:</p>
<ul>
<li><strong>Driving on the Surface Too Early:</strong> Parking heavy vehicles before the 7-day mark puts immense tensile stress on green concrete, leading to premature cracking.</li>
<li><strong>Applying Chemical De-Icers:</strong> Never apply salt or chemical de-icing products during the first winter season; these chemicals force moisture into concrete pores, where freeze-thaw cycles cause surface spalling.</li>
<li><strong>Premature High-Pressure Washing:</strong> Avoid aggressive pressure washing during the first 30 days, as high-pressure water jets can erode the curing surface cream.</li>
<li><strong>Skipping Moisture Control:</strong> In hot, sunny weather, lightly misting your new concrete with water several times a day (moist curing) significantly improves ultimate surface strength.</li>
</ul>
<p>If unexpected surface defects or settling occur, our team provides targeted <a href=""/concrete-repair/"">concrete repair</a> services. Our placement and curing protocols adhere strictly to guidelines set forth by the <a href=""https://www.cement.org/"" target=""_blank"" rel=""noopener"">Portland Cement Association</a>.</p>
<h2>Frequently Asked Questions</h2>
<h3>Why does fresh concrete appear dark or blotchy while curing?</h3>
<p>Color variations are completely normal during the first several weeks. As moisture evaporates unevenly from different depths of the slab, the concrete will gradually lighten and equalize to a uniform light gray tone.</p>
<h3>Can I seal my new concrete immediately after pouring?</h3>
<p>Penetrating silane/siloxane sealers or decorative acrylic topical sealers should generally not be applied until the concrete has cured for at least 28 days to prevent trapping moisture inside the slab.</p>
<h2>Contact Dunwoody's Concrete Specialists</h2>
<p>Have questions about maintaining or installing new concrete flatwork? Contact Brook Concrete Company today to schedule your complimentary consultation and written estimate in Dunwoody, GA!</p>",concrete driveway,/concrete-driveways/,concrete slab,/concrete-slabs/,concrete repair,/concrete-repair/,Portland Cement Association,https://www.cement.org/
How Thick Should a Residential Concrete Slab Be?,How Thick Should a Concrete Slab Be? | Brook Concrete,"Find out how thick a residential concrete slab should be for patios, driveways, garages and sheds, and why thickness matters.",/blog/concrete-slab-thickness/,"<h1>How Thick Should a Residential Concrete Slab Be?</h1>
<p>When planning any residential concrete project—whether pouring a back patio, building a detached two-car garage, erecting a storage shed, or replacing an existing driveway—one of the most critical structural decisions is determining slab thickness. Pouring a slab too thin almost guarantees premature cracking, structural settling, and costly failure under load. Conversely, over-engineering thickness adds unnecessary material expense. In this comprehensive engineering guide, Brook Concrete Company explains how to determine the optimal thickness for residential <a href=""/concrete-slabs/"">concrete slabs</a> in Dunwoody, GA, ensuring your hardscapes provide decades of dependable performance.</p>
<h2>Standard Thickness Recommendations by Residential Application</h2>
<p>The intended purpose and anticipated weight load dictate the required thickness of any poured concrete slab:</p>
<ul>
<li><strong>Patios and Garden Walkways (4 Inches):</strong> Because pedestrian foot traffic, patio dining sets, and lightweight outdoor grills place minimal load on concrete, a 4-inch-thick slab (using standard 2x4 form boards) reinforced with welded wire mesh or fiber additives provides ideal structural capacity.</li>
<li><strong>Residential Driveways and Parking Areas (4 to 5 Inches):</strong> Standard residential <a href=""/concrete-driveways/"">concrete driveways</a> supporting passenger sedans and light SUVs are poured at a minimum of 4 inches. However, for households with heavy pickup trucks, large SUVs, or delivery traffic, upgrading to 5 inches with tied steel rebar provides vital insurance against cracking.</li>
<li><strong>Garages, Workshops, and Heavy Equipment Pads (5 to 6 Inches):</strong> Garages and workshops support continuous heavy point loads from vehicle tires, floor jacks, toolboxes, and machinery. We recommend pouring 5 to 6 inches of 4,000 PSI concrete reinforced with a grid of #4 steel rebar.</li>
<li><strong>Accessory Storage Sheds (4 Inches with Thickened Edges):</strong> For prefabricated backyard storage sheds, a 4-inch interior slab combined with a 10-to-12-inch thickened perimeter edge beam safely supports wall framing loads while elevating timber sill plates above ground moisture.</li>
<li><strong>Heavy Spas, Hot Tubs, and Swim Spas (6 Inches):</strong> A filled hot tub exerts tremendous hydrostatic weight (often 4,000 to 6,000+ pounds). Poured hot tub pads should always be engineered at a minimum of 6 inches with heavy rebar reinforcement.</li>
</ul>
<h2>Why Thickness Alone Does Not Prevent Cracking</h2>
<p>A common misconception among homeowners is that making a slab thicker will automatically solve all cracking issues. In reality, a 6-inch slab poured over poorly compacted, unlevel dirt will crack just as easily as a 4-inch slab. Slab performance is fundamentally dependent on the quality of the subgrade foundation beneath it. In northern Georgia, native red clay soils expand dramatically when wet and shrink when dry. To prevent settlement, our crews excavate unstable topsoil, install a 4-to-6-inch base of crushed granite aggregate (GAB), and mechanically compact the stone with vibrating plate tampers before pouring.</p>
<h2>The Crucial Role of Internal Steel Reinforcement</h2>
<p>Concrete possesses immense compressive strength (the ability to withstand crushing downward forces) but relatively low tensile strength (resistance to bending or pulling forces). When heavy vehicle wheels roll across a slab, the concrete experiences bending tension along its bottom face. We install tied steel rebar grids (typically #4 rebar on 12-to-18-inch centers) elevated on plastic chairs so the steel is positioned securely in the middle third of the slab. This internal reinforcement holds the slab together and prevents fractures from widening.</p>
<h2>Structural Foundations vs. Floating Slabs</h2>
<p>It is important to differentiate between floating utility slabs and load-bearing foundations. If your upcoming construction involves living spaces, home additions, or heavy masonry walls, code mandates continuous perimeter footings excavated below the local frost depth. Explore our specialized <a href=""/concrete-foundations/"">concrete foundations</a> capabilities to learn how we engineer load-bearing footings. Our structural design standards adhere strictly to technical guidelines established by the <a href=""https://www.concrete.org/"" target=""_blank"" rel=""noopener"">American Concrete Institute</a>.</p>
<h2>Frequently Asked Questions</h2>
<h3>What happens if a concrete slab is poured only 3 inches thick?</h3>
<p>A 3-inch slab lacks sufficient cross-sectional mass to withstand vehicular loads or subgrade soil movement, resulting in rapid alligator cracking and crumbling edges within months of placement.</p>
<h3>How do you control joint spacing based on slab thickness?</h3>
<p>Industry rule of thumb dictates that contraction joint spacing (in feet) should be no more than two to three times the slab thickness (in inches). For a 4-inch slab, control joints should be placed roughly every 8 to 10 feet.</p>
<h2>Schedule Your Free Slab Consultation in Dunwoody</h2>
<p>Ensure your upcoming slab is engineered with precision thickness and structural integrity. Contact Brook Concrete Company today to schedule your complimentary consultation and written proposal in Dunwoody, GA!</p>",concrete slabs,/concrete-slabs/,concrete foundations,/concrete-foundations/,concrete driveways,/concrete-driveways/,American Concrete Institute,https://www.concrete.org/
How to Prevent Concrete Cracks,How to Prevent Concrete Cracks | Brook Concrete Company,"Learn how proper base prep, control joints and curing help prevent concrete cracks in driveways, patios and slabs.",/blog/prevent-concrete-cracks/,"<h1>How to Prevent Concrete Cracks</h1>
<p>Concrete is one of the most durable, versatile, and enduring building materials on earth. However, any experienced mason will tell you an honest truth: all concrete has a natural tendency to crack. When concrete cures, it loses moisture and naturally shrinks. Furthermore, changing seasonal temperatures and expansive soil movements exert continuous stress on exterior flatwork. Fortunately, while microscopic shrinkage is normal, severe structural cracking, sunken panels, and unsightly fissures are largely preventable through proper engineering and maintenance. In this comprehensive guide, Brook Concrete Company reveals the proven construction practices and proactive homeowner maintenance steps that keep your hardscapes smooth, durable, and crack-free. For existing damage, explore our specialized <a href=""/concrete-repair/"">concrete repair</a> services.</p>
<h2>1. Build on an Unyielding Subgrade Foundation</h2>
<p>The single most important factor in crack prevention occurs before a single drop of concrete is poured. Concrete is only as stable as the soil beneath it. In north Georgia, native red clay is highly expansive, swelling during heavy rainstorms and shrinking during summer droughts. If concrete is poured directly over uncompacted soil or organic debris, rainwater will wash pockets out underneath the slab. When heavy vehicles drive over these hollow voids, the unsupported concrete snaps under the weight.</p>
<p>At Brook Concrete Company, we excavate all organic topsoil, install a thick 4-to-6-inch base of crushed granite aggregate (GAB), and mechanically tamp the stone using vibrating plate compactors. This dense, free-draining stone base distributes vehicle loads evenly and prevents settlement voids from forming beneath your <a href=""/concrete-driveways/"">concrete driveway</a>.</p>
<h2>2. Strategic Control Joint Layout and Depth</h2>
<p>Because concrete naturally shrinks approximately 1/16 of an inch per 10 feet as moisture evaporates during hydration, stress builds within the slab. If left alone, concrete will relieve that internal tension by forming random, jagged cracks across the surface. Professional contractors manage this stress by installing control joints (contraction joints). These hand-tooled or saw-cut grooves create planned, weakened planes that guide microscopic shrinkage fractures straight down to the base where they remain completely invisible.</p>
<p>To be effective, control joints must be cut to a depth of at least one-quarter of the total slab thickness (1 inch deep for a 4-inch slab) and spaced at intervals no greater than 24 to 30 times the slab thickness.</p>
<h2>3. Maintain the Proper Water-Cement Ratio</h2>
<p>During the pouring process, adding excess water to the ready-mix truck makes the wet concrete easier and faster to rake and float. However, adding too much water drastically weakens the concrete's ultimate compressive strength. As the excess water evaporates, it leaves behind millions of microscopic voids throughout the hardened slab, dramatically increasing shrinkage and porosity. Our crews pour strict low-slump concrete mixes formulated for high strength and minimal shrinkage.</p>
<h2>4. Implement Diligent Moist Curing Protocols</h2>
<p>Proper curing is essential for developing maximum surface strength. If fresh concrete is exposed to high summer heat, direct sun, or dry wind, surface water evaporates too quickly, resulting in spiderweb-like plastic shrinkage cracks. We apply high-grade liquid curing compounds that form an impermeable membrane over the slab, sealing vital hydration moisture inside so the concrete develops full design strength.</p>
<h2>5. Proactive Maintenance and Protective Sealing</h2>
<p>Once your concrete is installed, ongoing maintenance is essential for long-term crack prevention:</p>
<ul>
<li><strong>Seal Control Joints and Cracks Immediately:</strong> Inspect your flatwork annually. Fill hairline cracks and expansion joints with commercial-grade flexible polyurethane or polyurea caulks to prevent winter water penetration.</li>
<li><strong>Ensure Proper Surface Drainage:</strong> Keep downspout extensions directing roof runoff at least 5 to 10 feet away from slab edges to prevent sub-base soil erosion.</li>
<li><strong>Avoid Harmful De-Icing Salts:</strong> Never apply sodium chloride or calcium chloride de-icers to exterior concrete during its first winter season; use clean sand for winter traction instead.</li>
<li><strong>Consider Polymer Resurfacing:</strong> If surface scaling or hairline weathering begins to appear, applying an engineered overlay through <a href=""/concrete-resurfacing/"">concrete resurfacing</a> can seal the surface and prevent deeper deterioration.</li>
</ul>
<p>Our crack prevention and structural placement methodologies adhere strictly to guidelines published by the <a href=""https://www.concrete.org/"" target=""_blank"" rel=""noopener"">American Concrete Institute</a>.</p>
<h2>Frequently Asked Questions</h2>
<h3>Why did my new concrete develop tiny hairline cracks?</h3>
<p>Microscopic hairline surface crazing can occasionally occur due to rapid surface drying on hot or windy pour days. These are typically superficial cosmetic blemishes that do not compromise the structural integrity of the slab.</p>
<h3>Can steel rebar prevent concrete from cracking?</h3>
<p>Steel rebar does not prevent initial shrinkage cracks from forming; its purpose is to provide tensile reinforcement that holds fractured sections tightly together, preventing cracks from widening or shifting out of level.</p>
<h2>Schedule Your Free Concrete Consultation</h2>
<p>Ensure your concrete hardscapes are built with uncompromising crack-prevention engineering. Contact Brook Concrete Company today to schedule your complimentary consultation and written proposal in Dunwoody, GA!</p>",concrete repair,/concrete-repair/,concrete driveway,/concrete-driveways/,concrete resurfacing,/concrete-resurfacing/,American Concrete Institute,https://www.concrete.org/